YEAR,TEAM NO,TEAM,SEED,ROUND,NET RPI,RESUME,WAB RANK,ELO,B POWER,Q1 W,Q2 W,Q1 PLUS Q2 W,Q3 Q4 L,PLUS 500,R SCORE,BID TYPE
2024,1079,Akron,14,0,106,131,104,103,111.5,0,2,2,4,13,0,At-Large
2024,1078,Alabama,4,0,10,31,15,31,11.5,4,7,11,0,11,99.35,At-Large
2024,1077,Arizona,2,0,4,10,11,14,5.5,8,7,15,1,18,99.87,At-Large
2024,1076,Auburn,4,0,5,45,9,5,4,3,10,13,0,21,99.42,At-Large
2024,1075,Baylor,3,0,13,8,10,25,13.5,10,4,14,0,14,99.73,At-Large
2024,1074,Boise St.,10,0,27,17,47,42,43.5,6,3,9,1,12,86.45,At-Large
2024,1073,BYU,6,0,12,19,21,38,16.5,6,5,11,0,14,98.42,At-Large
2024,1072,Clemson,6,0,35,23,46,57,31.5,5,5,10,1,10,94.27,At-Large
2024,1071,Colgate,14,0,125,157,98,95,128,0,1,1,4,15,0,At-Large
2024,1070,College of Charleston,13,0,96,125,75,36,97.5,0,1,1,4,19,0.01,At-Large
2024,1069,Colorado,10,0,25,55,30,27,35.5,4,6,10,0,14,83.64,At-Large
2024,1068,Colorado St.,10,0,36,34,35,47,54.5,6,3,9,1,14,71.99,At-Large
2024,1067,Connecticut,1,0,2,2,1,1,1.5,13,8,21,0,29,99.98,At-Large
2024,1066,Creighton,3,0,11,9,13,17,10,8,7,15,0,15,99.74,At-Large
2024,1065,Dayton,7,0,23,65,25,26,31.5,3,5,8,0,17,87.95,At-Large
2024,1064,Drake,10,0,47,62,32,10,52,4,3,7,2,22,39.02,At-Large
2024,1063,Duke,4,0,9,21,19,20,8,5,6,11,0,17,99.72,At-Large
2024,1062,Duquesne,11,0,81,64,76,41,90,2,6,8,3,12,0.42,At-Large
2024,1061,Florida,7,0,28,16,20,24,23.5,6,4,10,1,13,98.74,At-Large
2024,1060,Florida Atlantic,8,0,38,63,40,37,38,2,8,10,3,17,62.2,At-Large
2024,1059,Gonzaga,5,0,17,53,26,16,15.5,3,4,7,0,19,95.32,At-Large
2024,1058,Grambling St.,16,0,279,234,162,179,279,0,0,0,8,6,0,At-Large
2024,1057,Grand Canyon,12,0,50,99,39,22,57,1,2,3,2,24,7.76,At-Large
2024,1056,Houston,1,0,1,3,3,2,1.5,16,3,19,0,27,99.97,At-Large
2024,1055,Howard,16,0,273,272,253,223,267,0,0,0,12,2,0,At-Large
2024,1054,Illinois,3,0,15,13,7,7,11,8,6,14,1,19,99.82,At-Large
2024,1053,Iowa St.,2,0,6,4,4,4,5.5,10,6,16,0,21,99.86,At-Large
2024,1052,James Madison,12,0,53,91,34,18,52.5,1,0,1,1,28,24.78,At-Large
2024,1051,Kansas,4,0,21,11,14,44,21,7,6,13,1,13,99.42,At-Large
2024,1050,Kentucky,3,0,19,12,22,23,19.5,6,2,8,1,15,99.4,At-Large
2024,1049,Long Beach St.,15,0,170,201,163,142,167.5,0,3,3,11,6,0,At-Large
2024,1048,Longwood,16,0,163,231,172,146,148.5,0,1,1,10,7,0,At-Large
2024,1047,Marquette,2,0,14,7,6,9,13,9,6,15,0,17,99.78,At-Large
2024,1046,McNeese St.,12,0,56,101,50,28,56,1,2,3,1,26,3.37,At-Large
2024,1045,Michigan St.,9,0,24,47,55,64,19,3,6,9,0,5,85.74,At-Large
2024,1044,Mississippi St.,8,0,31,35,48,55,29.5,4,4,8,1,8,91.96,At-Large
2024,1043,Montana St.,16,0,208,264,268,186,247,0,1,1,13,2,0,At-Large
2024,1042,Morehead St.,14,0,108,153,88,85,106,0,0,0,4,17,0,At-Large
2024,1041,Nebraska,8,0,34,50,27,35,33,4,5,9,0,13,89.01,At-Large
2024,1040,Nevada,10,0,33,22,23,13,45.5,6,2,8,1,19,93.28,At-Large
2024,1039,New Mexico,11,0,22,40,31,21,33,5,3,8,2,17,89.44,At-Large
2024,1038,North Carolina,1,0,8,5,5,6,10,9,7,16,0,20,99.91,At-Large
2024,1037,North Carolina St.,11,0,63,36,62,52,57.5,3,6,9,1,8,19.95,At-Large
2024,1036,Northwestern,9,0,52,43,33,54,42.5,4,5,9,1,10,76.47,At-Large
2024,1035,Oakland,14,0,126,106,100,79,134,1,1,2,6,11,0,At-Large
2024,1034,Oregon,11,0,59,39,36,43,58.5,4,5,9,1,12,37.55,At-Large
2024,1033,Purdue,1,0,3,1,2,3,3,12,8,20,0,25,99.96,At-Large
2024,1032,Saint Mary's,5,0,16,29,37,11,17.5,5,3,8,2,20,97.23,At-Large
2024,1031,Saint Peter's,15,0,187,210,175,150,192,0,0,0,10,5,0,At-Large
2024,1030,Samford,13,0,74,113,56,33,89,0,2,2,3,23,0.08,At-Large
2024,1029,San Diego St.,5,0,20,33,24,29,27.5,4,6,10,0,15,97.98,At-Large
2024,1028,South Carolina,6,0,51,24,12,12,51.5,6,5,11,2,19,97.46,At-Large
2024,1027,South Dakota St.,15,0,135,228,148,112,143,0,0,0,9,9,0,At-Large
2024,1026,Stetson,16,0,209,212,137,157,198,1,0,1,8,9,0,At-Large
2024,1025,TCU,9,0,42,32,38,60,29,5,3,8,0,9,84.07,At-Large
2024,1024,Tennessee,2,0,7,6,8,8,7,8,5,13,0,17,99.89,At-Large
2024,1023,Texas,7,0,30,27,42,56,25,5,3,8,1,8,93.16,At-Large
2024,1022,Texas A&M,9,0,44,14,54,58,39.5,7,6,13,4,6,83.23,At-Large
2024,1021,Texas Tech,6,0,26,15,16,30,25,6,4,10,0,13,97.18,At-Large
2024,1020,UAB,12,0,105,102,85,62,112.5,0,7,7,4,11,0.01,At-Large
2024,1019,Utah St.,8,0,39,52,17,15,58,4,4,8,0,21,95.83,At-Large
2024,1018,Vermont,13,0,102,126,71,40,92.5,0,2,2,4,21,0.01,At-Large
2024,1017,Virginia,10,0,54,56,41,48,62,2,8,10,0,13,38.68,At-Large
2024,1016,Wagner,16,0,290,304,241,253,283,0,0,0,13,1,0,At-Large
2024,1015,Washington St.,7,0,45,28,29,32,42,6,3,9,1,15,86.43,At-Large
2024,1014,Western Kentucky,15,0,136,204,135,130,145,0,1,1,11,10,0,At-Large
2024,1013,Wisconsin,5,0,18,18,18,45,17.5,5,9,14,0,9,98.88,At-Large
2024,1012,Yale,13,0,83,123,82,53,72,0,3,3,4,12,0.05,At-Large
2023,1011,Alabama,1,16,2,3,1,1,2.7,13,6,19,0,24,99.9,Auto
2023,1010,Arizona,2,64,10,7,7,10,9.3,9,7,16,0,22,99.8,Auto
2023,1009,Arizona St.,11,64,66,32,39,60,70,5,4,9,1,10,43.9,At-Large
2023,1008,Arkansas,8,16,21,37,48,61,18.7,4,4,8,1,7,88.1,At-Large
2023,1007,Auburn,9,32,32,49,42,59,27.3,3,6,9,1,8,84.9,At-Large
2023,1006,Baylor,3,32,15,4,12,27,13.3,11,4,15,0,12,99.8,At-Large
2023,1005,Boise St.,10,64,27,35,30,26,44.7,3,9,12,2,14,83.7,At-Large
2023,1004,Colgate,15,64,101,165,103,74,106.3,0,1,1,7,17,0,Auto
2023,1003,College of Charleston,12,64,51,110,32,18,69.3,0,2,2,2,27,9.5,Auto
2023,1002,Connecticut,4,1,8,19,13,15,5.3,6,6,12,1,17,99.6,At-Large
2023,1001,Creighton,6,8,17,40,29,33,11.7,3,6,9,1,9,97.9,At-Large
2023,1000,Drake,12,64,54,83,63,24,58.7,1,3,4,3,19,3.9,Auto
2023,999,Duke,5,32,16,28,16,12,17.3,5,7,12,0,18,99,Auto
2023,998,Fairleigh Dickinson,16,32,301,329,257,257,303,0,0,0,14,2,0,Auto
2023,997,Florida Atlantic,9,4,13,59,14,9,34,2,4,6,0,26,96,Auto
2023,996,Furman,13,32,88,150,77,55,87,0,1,1,5,17,0,Auto
2023,995,Gonzaga,3,8,6,17,9,6,6.7,6,5,11,1,22,99.8,Auto
2023,994,Grand Canyon,14,64,104,107,105,79,104.3,1,2,3,8,10,0,Auto
2023,993,Houston,1,16,1,13,5,2,1,7,8,15,1,28,99.9,At-Large
2023,992,Howard,16,64,214,203,159,143,219.7,0,0,0,9,7,0,Auto
2023,991,Illinois,9,64,34,43,45,72,30,2,7,9,0,8,81,At-Large
2023,990,Indiana,4,32,30,15,22,31,22,6,6,12,0,11,98.6,At-Large
2023,989,Iona,13,64,59,161,72,35,69,0,0,0,4,20,0,Auto
2023,988,Iowa,8,64,39,30,50,73,33.3,4,9,13,3,6,75.9,At-Large
2023,987,Iowa St.,6,64,20,6,27,58,26.7,10,2,12,0,6,98.4,At-Large
2023,986,Kansas,1,32,9,1,2,5,8.3,17,4,21,0,20,99.9,At-Large
2023,985,Kansas St.,3,8,23,8,17,30,26,9,4,13,0,14,99.5,At-Large
2023,984,Kennesaw St.,14,64,114,136,69,47,136.7,0,2,2,4,15,0,Auto
2023,983,Kent St.,13,64,57,118,46,28,70.3,0,2,2,2,20,1.2,Auto
2023,982,Kentucky,6,32,25,20,33,39,20.7,6,6,12,3,10,98.2,At-Large
2023,981,Louisiana Lafayette,13,64,89,129,61,44,96,0,1,1,2,16,0,Auto
2023,980,Marquette,2,32,12,9,6,3,12.3,7,6,13,1,22,99.8,Auto
2023,979,Maryland,8,32,31,46,43,62,22,3,6,9,0,9,85.9,At-Large
2023,978,Memphis,8,64,29,34,15,13,27.3,4,9,13,1,18,96.5,Auto
2023,977,Miami FL,5,4,35,42,20,20,36.7,5,6,11,2,18,98,At-Large
2023,976,Michigan St.,7,16,33,31,26,43,33,5,7,12,1,7,93.3,At-Large
2023,975,Mississippi St.,11,68,48,36,49,63,48.7,4,4,8,1,9,50.6,At-Large
2023,974,Missouri,7,32,42,22,21,32,54,6,4,10,0,15,93.4,At-Large
2023,973,Montana St.,14,64,103,131,88,52,116.3,0,2,2,6,14,0,Auto
2023,972,Nevada,11,68,37,48,47,57,64.7,4,3,7,2,11,24.2,At-Large
2023,971,North Carolina St.,11,64,45,70,41,48,48.7,1,7,8,0,13,55.5,At-Large
2023,970,Northern Kentucky,16,64,154,177,150,117,155.7,0,1,1,7,8,0,Auto
2023,969,Northwestern,7,32,41,14,34,51,41,7,4,11,0,10,94.1,At-Large
2023,968,Oral Roberts,12,64,36,114,35,23,72,0,1,1,0,22,1.5,Auto
2023,967,Penn St.,10,32,49,21,38,38,44.3,7,5,12,1,9,84,At-Large
2023,966,Pittsburgh,11,32,67,57,54,66,68,4,3,7,2,11,71.2,At-Large
2023,965,Princeton,15,16,116,141,96,81,116.3,0,2,2,5,11,0,Auto
2023,964,Providence,11,64,55,47,37,76,40,3,3,6,1,10,50.6,At-Large
2023,963,Purdue,1,64,5,5,3,7,7,10,9,19,0,24,99.9,Auto
2023,962,Saint Mary's,5,32,11,45,23,17,15.7,2,7,9,2,18,97.8,At-Large
2023,961,San Diego St.,5,2,14,26,10,8,22,5,6,11,0,20,98.6,Auto
2023,960,Southeast Missouri St.,16,68,242,298,246,214,256.3,0,0,0,13,1,0,Auto
2023,959,TCU,6,32,28,12,28,45,24.7,8,5,13,1,9,98.2,At-Large
2023,958,Tennessee,4,16,4,18,25,34,6,7,3,10,0,13,99.4,At-Large
2023,957,Texas,2,8,7,2,8,11,5.7,14,4,18,0,18,99.9,Auto
2023,956,Texas A&M,7,64,18,16,19,14,16.3,7,5,12,2,16,98.6,At-Large
2023,955,Texas A&M Corpus Chris,16,64,174,241,137,138,193,0,0,0,7,9,0,Auto
2023,954,Texas Southern,16,68,292,307,282,265,287,0,1,1,13,-8,0,Auto
2023,953,UC Santa Barbara,14,64,100,120,70,54,110.7,0,3,3,6,18,0,Auto
2023,952,UCLA,2,16,3,10,4,4,3,8,9,17,0,24,99.9,At-Large
2023,951,UNC Asheville,15,64,140,138,75,70,145.3,1,0,1,5,18,0,Auto
2023,950,USC,10,64,50,50,31,41,42,3,7,10,2,12,59.2,At-Large
2023,949,Utah St.,10,64,19,60,24,16,32.7,2,9,11,2,17,68.6,At-Large
2023,948,VCU,12,64,58,89,44,22,59,1,4,5,2,20,5.8,Auto
2023,947,Vermont,15,64,109,137,109,71,104,0,1,1,4,12,0,Auto
2023,946,Virginia,4,64,26,33,18,21,28.3,5,6,11,1,18,99.2,At-Large
2023,945,West Virginia,9,64,24,25,36,50,20.3,6,6,12,0,5,93.3,At-Large
2023,944,Xavier,3,16,22,11,11,19,17.7,8,5,13,2,16,99.5,At-Large
2022,943,Akron,13,64,127,139,115,83,121.7,0,2,2,6,13,0,Auto
2022,942,Alabama,6,64,30,11,34,62,23,8,5,13,2,6,97.5,At-Large
2022,941,Arizona,1,16,2,14,3,1,2.3,6,9,15,0,28,100,Auto
2022,940,Arkansas,4,8,20,10,17,18,19,7,5,12,1,17,99.5,At-Large
2022,939,Auburn,2,32,11,12,5,11,11.3,8,7,15,0,22,99.8,At-Large
2022,938,Baylor,1,32,4,4,2,7,5,10,8,18,0,20,99.9,At-Large
2022,937,Boise St.,8,64,29,24,24,12,39.7,6,7,13,1,19,92.9,Auto
2022,936,Bryant,16,68,200,188,124,114,184.7,0,0,0,5,12,0,Auto
2022,935,Cal St. Fullerton,15,64,153,196,129,117,161,0,1,1,7,9,0,Auto
2022,934,Chattanooga,13,64,63,108,55,32,73.7,1,3,4,5,18,1,Auto
2022,933,Colgate,14,64,128,194,146,92,120.3,0,1,1,9,11,0,Auto
2022,932,Colorado St.,6,64,28,34,18,17,49.3,5,8,13,1,19,95.4,At-Large
2022,931,Connecticut,5,64,17,29,26,28,17.3,5,8,13,0,14,98.7,At-Large
2022,930,Creighton,9,32,55,22,41,35,55.3,7,4,11,1,11,82.7,At-Large
2022,929,Davidson,10,64,41,74,33,26,48.7,2,4,6,1,20,58.1,At-Large
2022,928,Delaware,15,64,137,155,136,102,147,0,1,1,6,9,0,Auto
2022,927,Duke,2,4,12,20,7,9,11.3,6,6,12,1,22,99.7,At-Large
2022,926,Georgia St.,16,64,159,186,131,97,143,0,0,0,8,5,0,Auto
2022,925,Gonzaga,1,16,1,5,10,5,1,10,2,12,0,23,100,Auto
2022,924,Houston,5,8,3,62,13,6,3.7,1,10,11,0,24,98.6,Auto
2022,923,Illinois,4,32,15,13,20,25,15.7,6,6,12,0,13,99.5,At-Large
2022,922,Indiana,12,64,38,41,54,60,32.7,4,4,8,1,7,77.1,At-Large
2022,921,Iowa,5,64,14,27,16,14,13.3,4,8,12,0,17,99.3,Auto
2022,920,Iowa St.,11,16,49,18,29,69,53.3,9,1,10,0,8,74.9,At-Large
2022,919,Jacksonville St.,15,64,143,214,132,130,140.3,0,1,1,7,9,0,Auto
2022,918,Kansas,1,1,6,1,1,2,5.7,12,8,20,0,22,99.9,Auto
2022,917,Kentucky,2,64,5,9,9,8,4.3,9,5,14,0,19,99.9,At-Large
2022,916,Longwood,14,64,125,162,82,76,146.3,0,0,0,4,16,0,Auto
2022,915,Loyola Chicago,10,64,23,49,39,31,28.3,3,5,8,1,17,87.4,Auto
2022,914,LSU,6,64,18,26,32,53,18,6,5,11,1,11,97.4,At-Large
2022,913,Marquette,9,64,42,21,51,63,50,5,5,10,0,7,78.8,At-Large
2022,912,Memphis,9,32,33,36,45,29,26,5,3,8,2,11,90.3,At-Large
2022,911,Miami FL,10,8,62,40,31,39,61.3,4,5,9,3,13,71.9,At-Large
2022,910,Michigan,11,16,34,23,56,56,28,5,3,8,1,3,76.4,At-Large
2022,909,Michigan St.,7,32,36,16,28,44,33,5,8,13,1,10,95.8,At-Large
2022,908,Montana St.,14,64,120,163,90,68,142.7,0,0,0,5,18,0,Auto
2022,907,Murray St.,7,32,21,64,23,10,41.7,2,3,5,1,25,96,Auto
2022,906,New Mexico St.,12,32,79,86,50,34,95.3,2,4,6,4,17,0.2,Auto
2022,905,Norfolk St.,16,64,156,176,93,125,167,0,0,0,4,15,0,Auto
2022,904,North Carolina,8,2,31,48,19,24,26.7,3,3,6,1,15,95.5,At-Large
2022,903,Notre Dame,11,32,53,69,37,45,52.3,2,2,4,1,11,39.4,At-Large
2022,902,Ohio St.,7,32,26,28,46,61,25.7,5,5,10,1,8,95.4,At-Large
2022,901,Providence,4,16,32,17,14,16,42,5,9,14,0,20,97.9,At-Large
2022,900,Purdue,3,16,13,8,8,13,10.7,8,6,14,0,20,99.7,At-Large
2022,899,Richmond,12,32,81,82,74,49,77.3,1,6,7,1,11,0.4,Auto
2022,898,Rutgers,11,68,77,19,63,66,68.3,6,3,9,3,5,23.8,At-Large
2022,897,Saint Mary's,5,32,19,35,22,21,19.7,4,6,10,0,17,98.1,At-Large
2022,896,Saint Peter's,15,8,124,210,137,89,123.3,0,0,0,7,7,0,Auto
2022,895,San Diego St.,8,64,25,38,30,23,27.3,5,5,10,0,15,92.4,At-Large
2022,894,San Francisco,10,64,22,51,42,43,28.3,4,5,9,1,14,80.4,At-Large
2022,893,Seton Hall,8,64,37,31,36,47,34.3,6,3,9,0,10,91.1,At-Large
2022,892,South Dakota St.,13,64,65,118,43,22,68.7,0,2,2,2,24,1.8,Auto
2022,891,TCU,9,32,44,15,27,51,42,8,2,10,0,8,91.9,At-Large
2022,890,Tennessee,3,32,7,3,4,4,6.3,11,5,16,0,19,99.9,Auto
2022,889,Texas,6,32,16,25,25,42,16.7,5,5,10,0,10,99,At-Large
2022,888,Texas A&M Corpus Chris,16,68,241,244,177,191,247,0,0,0,8,8,0,Auto
2022,887,Texas Southern,16,64,197,172,159,151,192,1,0,1,7,6,0,Auto
2022,886,Texas Tech,3,16,9,6,11,19,12,8,7,15,0,16,99.8,At-Large
2022,885,UAB,12,64,46,85,57,36,48.7,2,3,5,4,18,7.7,Auto
2022,884,UCLA,4,16,10,30,15,15,9,5,8,13,1,18,99.6,At-Large
2022,883,USC,7,64,35,39,21,30,37.3,4,5,9,2,19,94.6,At-Large
2022,882,Vermont,13,64,52,130,64,37,60.3,0,1,1,3,22,0.3,Auto
2022,881,Villanova,2,4,8,7,6,3,9,7,10,17,0,19,99.8,Auto
2022,880,Virginia Tech,11,64,27,46,40,27,23.3,3,6,9,2,11,91.6,Auto
2022,879,Wisconsin,3,32,24,2,12,20,27.3,9,7,16,2,17,99.6,At-Large
2022,878,Wright St.,16,64,191,277,192,146,174,0,0,0,12,7,0,Auto
2022,877,Wyoming,12,68,50,45,35,40,81.3,4,7,11,2,16,54.5,At-Large
2022,876,Yale,14,64,142,140,127,109,144.7,0,1,1,6,7,0,Auto
2021,875,Abilene Christian,14,32,74,151,64,56,89,0,0,0,2,15,0,Auto
2021,874,Alabama,2,16,7,7,4,4,8.7,8,9,17,1,18,99.9,Auto
2021,873,Appalachian St.,16,68,210,276,222,168,191.3,0,0,0,8,2,0,Auto
2021,872,Arkansas,3,8,14,20,12,9,15.7,6,6,12,0,16,99.4,At-Large
2021,871,Baylor,1,1,2,6,5,3,2.7,8,2,10,0,20,100,At-Large
2021,870,BYU,6,64,20,33,17,17,25.7,3,5,8,0,13,98.1,At-Large
2021,869,Clemson,7,64,41,30,23,41,38.7,3,7,10,1,9,91.8,At-Large
2021,868,Cleveland St.,15,64,160,140,95,92,170,1,0,1,3,12,0,Auto
2021,867,Colgate,14,64,9,117,48,35,64.3,0,2,2,1,13,0.8,Auto
2021,866,Colorado,5,32,15,31,10,14,19.3,3,7,10,3,14,98.8,At-Large
2021,865,Connecticut,7,64,30,35,31,28,18,4,3,7,0,8,94,At-Large
2021,864,Creighton,5,16,25,16,19,21,15.3,7,5,12,2,12,98.8,At-Large
2021,863,Drake,11,64,45,62,35,29,61.7,1,5,6,2,19,39.4,At-Large
2021,862,Drexel,16,64,135,189,143,113,139.7,0,0,0,6,5,0,Auto
2021,861,Eastern Washington,14,64,113,177,109,76,108.3,0,0,0,3,8,0,Auto
2021,860,Florida,7,32,31,23,40,51,34.7,5,3,8,1,5,93.9,At-Large
2021,859,Florida St.,4,16,24,34,26,26,16,3,7,10,1,10,98.9,At-Large
2021,858,Georgetown,12,64,64,26,66,50,60.3,3,5,8,2,1,25.1,Auto
2021,857,Georgia Tech,9,64,33,39,34,22,33.3,3,6,9,2,9,90.2,At-Large
2021,856,Gonzaga,1,2,1,4,2,1,1,8,6,14,0,26,100,Auto
2021,855,Grand Canyon,15,64,106,202,99,98,103.7,0,0,0,5,8,0,Auto
2021,854,Hartford,16,64,161,158,151,139,184.3,0,1,1,6,7,0,Auto
2021,853,Houston,2,4,5,50,15,5,5,2,6,8,1,20,99.5,Auto
2021,852,Illinois,1,32,3,1,1,2,3.3,12,5,17,0,17,99.9,Auto
2021,851,Iona,15,64,138,223,112,114,162,0,0,0,4,7,0,Auto
2021,850,Iowa,2,32,6,9,8,10,5,8,5,13,0,13,99.9,At-Large
2021,849,Kansas,3,32,11,14,13,19,17.3,7,2,9,0,11,99.5,At-Large
2021,848,Liberty,13,64,86,161,76,57,93.7,0,1,1,3,14,0,Auto
2021,847,Loyola Chicago,8,16,10,64,33,8,23,2,4,6,0,18,94.8,Auto
2021,846,LSU,8,32,28,18,28,25,27,5,3,8,0,9,97.8,At-Large
2021,845,Maryland,10,32,35,21,53,68,35.3,4,3,7,0,2,79.8,At-Large
2021,844,Michigan,1,8,4,5,3,6,4,8,6,14,0,16,99.9,At-Large
2021,843,Michigan St.,11,68,70,17,41,60,54.3,5,4,9,0,3,45.8,At-Large
2021,842,Missouri,9,64,47,10,29,45,50.7,7,2,9,0,7,92.4,At-Large
2021,841,Morehead St.,14,64,122,139,78,43,144.7,0,1,1,2,14,0,Auto
2021,840,Mount St. Mary's,16,68,158,224,207,184,207.7,0,1,1,7,2,0,Auto
2021,839,Norfolk St.,16,64,169,233,153,147,208.3,0,1,1,6,7,0,Auto
2021,838,North Carolina,8,64,32,42,25,32,24.3,3,8,11,1,8,92.5,At-Large
2021,837,North Texas,13,32,61,116,89,61,74.7,0,3,3,4,7,0.2,Auto
2021,836,Ohio,13,32,87,113,80,58,93.3,0,3,3,3,8,0,Auto
2021,835,Ohio St.,2,64,8,2,6,15,8,9,6,15,0,12,99.9,At-Large
2021,834,Oklahoma,8,32,37,19,49,67,35.7,5,0,5,1,5,87.5,At-Large
2021,833,Oklahoma St.,4,32,29,3,9,11,30.7,10,2,12,2,12,99.2,At-Large
2021,832,Oral Roberts,15,16,159,181,152,119,154,0,0,0,5,3,0,Auto
2021,831,Oregon,7,16,34,46,11,13,33.7,2,7,9,2,14,92.7,At-Large
2021,830,Oregon St.,12,8,91,32,47,36,84.7,5,2,7,3,4,15,Auto
2021,829,Purdue,4,64,22,12,16,23,18.3,6,7,13,1,9,99.3,At-Large
2021,828,Rutgers,10,32,38,24,36,62,36.3,4,6,10,0,4,88.5,At-Large
2021,827,San Diego St.,6,64,18,66,20,7,19.7,1,7,8,0,18,95.7,Auto
2021,826,St. Bonaventure,9,64,27,49,32,20,32,4,3,7,1,12,91.9,Auto
2021,825,Syracuse,11,16,40,73,46,44,36,1,6,7,1,7,50.1,At-Large
2021,824,Tennessee,5,64,13,13,27,40,16.7,6,2,8,0,10,98.9,At-Large
2021,823,Texas,3,64,21,8,14,16,22,8,2,10,0,12,99.5,Auto
2021,822,Texas Southern,16,64,208,178,141,136,217.3,0,0,0,3,7,0,Auto
2021,821,Texas Tech,6,32,17,25,44,48,18,4,2,6,0,7,98.4,At-Large
2021,820,UC Santa Barbara,12,64,54,112,52,24,75.3,0,2,2,0,16,2.2,Auto
2021,819,UCLA,11,4,46,55,24,39,43.3,2,3,5,0,8,69.7,At-Large
2021,818,UNC Greensboro,13,64,84,133,114,49,92.3,0,4,4,6,13,0,Auto
2021,817,USC,6,8,19,37,7,12,19,3,6,9,0,15,98.8,At-Large
2021,816,Utah St.,11,64,39,80,67,34,46.3,2,2,4,2,11,19.1,At-Large
2021,815,VCU,10,64,36,56,42,33,51.3,2,7,9,2,12,64.8,At-Large
2021,814,Villanova,5,16,16,27,21,27,10,5,4,9,0,10,98.8,At-Large
2021,813,Virginia,4,64,12,29,18,18,10,5,4,9,1,12,99.1,Auto
2021,812,Virginia Tech,10,64,48,47,45,52,45,2,3,5,0,9,60.2,At-Large
2021,811,West Virginia,3,32,23,11,22,31,24.3,7,3,10,0,9,99.4,At-Large
2021,810,Wichita St.,11,68,72,60,38,37,78,2,2,4,1,9,18.7,At-Large
2021,809,Winthrop,12,64,55,122,43,30,88.7,0,2,2,1,22,1.1,Auto
2021,808,Wisconsin,9,32,26,15,30,55,14,5,5,10,0,5,91.4,At-Large
2019,807,Abilene Christian,15,64,154,178,79,94,150.3,0,0,0,5,17,0,Auto
2019,806,Arizona St.,11,64,63,45,49,44,57.7,3,8,11,4,12,26.6,At-Large
2019,805,Auburn,5,4,18,19,16,15,12.7,5,13,18,0,16,99.4,Auto
2019,804,Baylor,9,32,39,27,44,58,42,4,8,12,3,6,84.6,At-Large
2019,803,Belmont,11,64,47,73,39,31,53.3,2,3,5,2,20,36.1,At-Large
2019,802,Bradley,15,64,176,162,165,118,166,1,1,2,11,5,0,Auto
2019,801,Buffalo,6,32,15,63,19,6,23.3,2,5,7,1,27,97.7,Auto
2019,800,Cincinnati,7,64,25,29,18,13,32,5,8,13,1,22,97.5,Auto
2019,799,Colgate,15,64,132,184,111,78,134,0,0,0,6,13,0,Auto
2019,798,Duke,1,8,3,1,1,2,2.3,11,6,17,0,24,99.9,Auto
2019,797,Fairleigh Dickinson,16,64,203,263,197,159,204.3,0,0,0,10,5,0,Auto
2019,796,Florida,10,32,31,35,47,48,28.3,4,4,8,2,4,86.4,At-Large
2019,795,Florida St.,4,16,16,10,10,11,14.7,8,6,14,1,20,99.7,At-Large
2019,794,Gardner Webb,16,64,173,165,121,103,162,0,1,1,8,9,0,Auto
2019,793,Georgia St.,14,64,121,102,66,54,110.3,1,3,4,5,14,0,Auto
2019,792,Gonzaga,1,8,2,30,12,7,3,4,6,10,0,27,99.9,At-Large
2019,791,Houston,3,16,4,16,9,4,14,6,10,16,0,28,99.9,At-Large
2019,790,Iona,16,64,202,273,211,160,189.7,0,0,0,12,2,0,Auto
2019,789,Iowa,10,32,43,34,28,55,38.3,4,7,11,1,11,84.8,At-Large
2019,788,Iowa St.,6,64,21,11,22,30,15.3,8,3,11,0,12,99.3,Auto
2019,787,Kansas,4,32,20,6,8,21,17.7,11,7,18,0,16,99.6,At-Large
2019,786,Kansas St.,4,64,24,12,14,17,22.3,7,7,14,0,17,99.2,At-Large
2019,785,Kentucky,2,8,6,5,7,9,7.3,10,6,16,0,21,99.9,At-Large
2019,784,Liberty,12,32,58,82,58,37,78,2,1,3,3,19,2.6,Auto
2019,783,Louisville,7,64,22,28,32,52,19.3,4,5,9,1,7,98.1,At-Large
2019,782,LSU,3,16,14,8,11,12,20.3,9,7,16,0,20,99.7,At-Large
2019,781,Marquette,5,64,28,13,29,35,25.7,10,6,16,1,15,97.7,At-Large
2019,780,Maryland,6,32,27,25,24,36,26.7,6,6,12,1,12,97.4,At-Large
2019,779,Michigan,2,16,9,9,6,14,6.3,9,10,19,0,22,99.9,At-Large
2019,778,Michigan St.,2,4,8,2,3,3,4,13,6,19,0,22,99.9,Auto
2019,777,Minnesota,10,32,61,22,30,46,48,5,6,11,1,8,74.6,At-Large
2019,776,Mississippi,8,64,36,36,43,66,46,4,3,7,0,8,79.6,At-Large
2019,775,Mississippi St.,5,64,19,18,21,34,21.3,8,4,12,0,13,99,At-Large
2019,774,Montana,15,64,124,180,90,77,129,0,1,1,5,16,0,Auto
2019,773,Murray St.,12,32,44,92,41,25,52.3,1,1,2,0,21,18.6,Auto
2019,772,Nevada,7,64,23,68,25,19,23,1,7,8,2,25,91.4,At-Large
2019,771,New Mexico St.,12,64,40,109,38,18,53.7,0,3,3,2,24,17.9,Auto
2019,770,North Carolina,1,16,7,4,4,5,4.7,10,6,16,0,21,99.9,At-Large
2019,769,North Carolina Central,16,68,302,267,221,230,288.3,0,0,0,11,0,0,Auto
2019,768,North Dakota St.,16,64,222,213,178,162,194.7,0,0,0,9,1,0,Auto
2019,767,Northeastern,13,64,78,133,82,53,84.3,0,3,3,3,13,0,Auto
2019,766,Northern Kentucky,14,64,115,170,72,69,100.7,0,0,0,6,16,0,Auto
2019,765,Ohio St.,11,32,55,38,46,76,42,4,4,8,1,5,39.9,At-Large
2019,764,Oklahoma,9,32,37,33,31,59,36,4,7,11,1,6,87.5,At-Large
2019,763,Old Dominion,14,64,100,105,69,45,111.7,1,2,3,6,18,0,Auto
2019,762,Oregon,12,16,51,59,64,38,37.7,3,4,7,3,11,18.2,Auto
2019,761,Prairie View A&M,16,68,205,160,154,119,218,0,0,0,7,9,0,Auto
2019,760,Purdue,3,8,12,17,17,20,10,7,9,16,1,14,99.6,At-Large
2019,759,Saint Louis,13,64,103,94,89,72,101.3,1,4,5,6,11,0,Auto
2019,758,Saint Mary's,11,64,32,52,60,41,34.3,2,3,5,2,11,56.1,Auto
2019,757,Seton Hall,10,64,57,20,57,49,52.3,7,7,14,2,7,43.4,At-Large
2019,756,St. John's,11,68,73,32,65,87,70.7,5,5,10,2,9,7.1,At-Large
2019,755,Syracuse,8,64,42,54,48,56,33.3,3,3,6,2,7,66.4,At-Large
2019,754,Temple,11,68,56,53,36,39,72,2,6,8,1,14,31.6,At-Large
2019,753,Tennessee,2,16,5,7,5,8,7,9,6,15,0,23,99.9,At-Large
2019,752,Texas Tech,3,2,10,14,13,16,9,8,8,16,1,20,99.7,At-Large
2019,751,UC Irvine,13,32,68,84,45,29,80,1,1,2,2,24,3,Auto
2019,750,UCF,9,32,30,50,34,27,42.7,2,6,8,1,15,87.1,At-Large
2019,749,Utah St.,8,64,29,61,33,23,40.7,3,2,5,1,21,80.1,Auto
2019,748,VCU,8,64,34,60,40,28,41.3,2,3,5,3,18,69.3,At-Large
2019,747,Vermont,13,64,71,145,63,42,73.7,0,0,0,3,20,0.1,Auto
2019,746,Villanova,6,32,26,21,26,22,21.7,5,13,18,0,16,97.6,Auto
2019,745,Virginia,1,1,1,3,2,1,1.3,12,4,16,0,26,100,At-Large
2019,744,Virginia Tech,4,16,11,24,20,26,11.3,4,7,11,0,16,99.5,At-Large
2019,743,Washington,9,32,45,56,27,32,51,2,8,10,1,18,59.6,At-Large
2019,742,Wisconsin,5,64,17,15,15,24,14,10,5,15,0,13,99.4,At-Large
2019,741,Wofford,7,32,13,49,23,10,23.3,3,6,9,0,22,98.1,Auto
2019,740,Yale,14,64,86,132,62,50,86.3,0,1,1,2,14,0,Auto
2018,739,Alabama,9,32,42,9,64,73,49.7,7,4,11,3,4,40.5,At-Large
2018,738,Arizona,4,64,13,32,19,11,19,5,9,14,1,20,98.6,Auto
2018,737,Arizona St.,11,68,66,46,66,91,46.3,3,5,8,2,9,6.5,At-Large
2018,736,Arkansas,7,64,30,24,21,29,35.3,6,3,9,1,12,96.5,At-Large
2018,735,Auburn,4,32,15,26,17,22,22.7,7,2,9,0,18,99.2,At-Large
2018,734,Bucknell,14,64,80,135,85,63,91,0,1,1,4,16,0,Auto
2018,733,Buffalo,13,32,26,111,68,36,77,0,3,3,3,17,0.1,Auto
2018,732,Butler,10,32,41,38,33,51,26,4,4,8,1,7,87.1,At-Large
2018,731,Cal St. Fullerton,15,64,131,152,119,121,168.7,0,2,2,7,7,0,Auto
2018,730,Cincinnati,2,32,7,8,11,3,5.3,6,7,13,0,26,99.9,Auto
2018,729,Clemson,5,16,10,27,18,28,20.3,4,7,11,0,14,99.3,At-Large
2018,728,College of Charleston,13,64,56,91,77,53,116.3,1,4,5,4,17,0.4,Auto
2018,727,Creighton,8,64,43,54,28,49,23.3,2,5,7,0,9,81,At-Large
2018,726,Davidson,12,64,59,48,82,40,43.3,4,1,5,5,10,9.9,Auto
2018,725,Duke,2,8,6,6,9,12,3,6,7,13,0,19,99.9,At-Large
2018,724,Florida,6,32,46,5,36,48,21.7,9,4,13,3,8,95.2,At-Large
2018,723,Florida St.,9,8,54,22,43,58,36,6,1,7,1,9,72.8,At-Large
2018,722,Georgia St.,15,64,132,216,115,81,101.7,0,1,1,9,12,0,Auto
2018,721,Gonzaga,4,16,21,29,12,8,9,5,3,8,0,26,99.2,Auto
2018,720,Houston,6,32,17,20,26,15,18.3,6,4,10,2,19,98.9,At-Large
2018,719,Iona,15,64,108,199,158,125,124.3,0,1,1,8,7,0,Auto
2018,718,Kansas,1,4,5,3,4,7,7.7,12,9,21,1,20,99.9,Auto
2018,717,Kansas St.,9,8,52,43,23,31,43,4,5,9,1,11,70.8,At-Large
2018,716,Kentucky,5,16,18,10,16,16,18,5,9,14,0,14,99.5,Auto
2018,715,Lipscomb,15,64,101,175,88,98,169,0,1,1,5,11,0,Auto
2018,714,LIU Brooklyn,16,68,232,311,268,203,247.7,0,1,1,15,1,0,Auto
2018,713,Loyola Chicago,11,4,22,90,29,14,51.3,1,3,4,3,22,45.9,Auto
2018,712,Marshall,13,32,87,66,79,70,121,3,1,4,5,13,0.1,Auto
2018,711,Miami FL,6,64,28,39,22,26,34.3,5,3,8,1,13,94.8,At-Large
2018,710,Michigan,3,2,11,13,8,5,11.7,6,5,11,1,20,99.8,Auto
2018,709,Michigan St.,3,32,16,41,5,6,5.3,3,5,8,0,25,99.4,At-Large
2018,708,Missouri,8,64,44,35,48,61,42.7,5,5,10,2,7,65.7,At-Large
2018,707,Montana,14,64,76,117,63,39,91.3,0,1,1,1,17,0.1,Auto
2018,706,Murray St.,12,64,47,104,54,30,67.7,0,3,3,2,19,3.5,Auto
2018,705,Nevada,7,16,19,58,25,20,31.7,2,8,10,2,20,92.9,At-Large
2018,704,New Mexico St.,12,64,35,86,38,27,64,1,3,4,2,20,18.6,Auto
2018,703,North Carolina,2,32,4,2,7,13,7.3,14,2,16,1,15,99.9,At-Large
2018,702,North Carolina Central,16,68,279,285,245,255,291,0,0,0,14,1,0,Auto
2018,701,North Carolina St.,9,64,64,17,44,57,45.3,5,3,8,2,10,62,At-Large
2018,700,Ohio St.,5,32,20,30,15,19,17.7,3,6,9,1,16,99,At-Large
2018,699,Oklahoma,10,64,48,15,41,79,41.7,6,3,9,1,5,75.7,At-Large
2018,698,Penn,16,64,121,150,90,74,115,0,0,0,4,15,0,Auto
2018,697,Providence,10,64,31,25,30,37,61.3,5,5,10,3,8,96.6,At-Large
2018,696,Purdue,2,16,9,12,6,9,4.7,6,5,11,0,22,99.8,At-Large
2018,695,Radford,16,64,128,208,140,128,175.7,0,0,0,7,8,0,Auto
2018,694,Rhode Island,7,32,14,71,34,32,41.7,2,4,6,1,18,82.1,At-Large
2018,693,San Diego St.,11,64,63,60,71,33,50.7,3,2,5,3,11,6.6,Auto
2018,692,Seton Hall,8,32,32,28,24,43,27,4,4,8,2,10,96,At-Large
2018,691,South Dakota St.,12,64,37,93,46,21,81,1,1,2,1,18,0.7,Auto
2018,690,St. Bonaventure,11,64,24,49,35,24,62,3,6,9,3,18,87,At-Large
2018,689,Stephen F. Austin,14,64,104,136,74,67,113.3,0,1,1,4,18,0,Auto
2018,688,Syracuse,11,16,45,31,56,75,52.7,4,3,7,2,7,38.3,At-Large
2018,687,TCU,6,64,25,36,27,42,20.7,4,4,8,0,10,96.2,At-Large
2018,686,Tennessee,3,32,8,21,10,10,14.3,6,5,11,0,17,99.7,At-Large
2018,685,Texas,10,64,50,40,37,62,36,6,2,8,0,5,62.9,At-Large
2018,684,Texas A&M,7,16,29,19,31,47,31.3,6,6,12,1,8,96.9,At-Large
2018,683,Texas Southern,16,64,222,245,221,217,241.7,0,0,0,8,-4,0,Auto
2018,682,Texas Tech,3,8,23,11,13,23,12.7,7,6,13,1,15,99.5,At-Large
2018,681,UCLA,11,68,36,33,52,52,49,3,5,8,2,10,77.6,At-Large
2018,680,UMBC,16,32,112,124,113,94,181.7,1,0,1,5,11,0,Auto
2018,679,UNC Greensboro,13,64,65,103,70,46,90,1,3,4,5,17,0.3,Auto
2018,678,Villanova,1,1,2,4,2,2,1.3,10,8,18,1,26,100,Auto
2018,677,Virginia,1,64,1,1,1,1,1.7,12,7,19,0,29,100,Auto
2018,676,Virginia Tech,8,64,62,16,39,45,32.3,5,3,8,1,10,80,At-Large
2018,675,West Virginia,5,16,27,7,14,18,10.7,8,7,15,2,14,99.2,At-Large
2018,674,Wichita St.,4,64,12,37,20,17,15.3,3,11,14,1,18,99,At-Large
2018,673,Wright St.,14,64,99,125,93,90,134,1,1,2,6,14,0,Auto
2018,672,Xavier,1,32,3,14,3,4,12.7,5,10,15,0,23,99.9,At-Large
2017,671,Arizona,2,16,2,15,6,5,19,6,10,16,0,26,99.9,Auto
2017,670,Arkansas,8,32,28,46,26,30,38,4,8,12,2,16,90.7,At-Large
2017,669,Baylor,3,16,11,6,7,24,13,9,5,14,1,17,99.8,At-Large
2017,668,Bucknell,13,64,63,97,76,56,80,1,2,3,3,18,0.4,Auto
2017,667,Butler,4,16,15,7,20,29,26,9,7,16,3,15,99.6,At-Large
2017,666,Cincinnati,6,32,12,45,18,12,22,3,3,6,0,24,98.5,At-Large
2017,665,Creighton,6,64,26,24,23,36,27,6,4,10,1,15,97.7,At-Large
2017,664,Dayton,7,64,30,36,41,37,36,4,8,12,3,16,89.5,At-Large
2017,663,Duke,2,32,6,1,4,7,12,13,3,16,1,19,99.9,Auto
2017,662,East Tennessee St.,13,64,55,102,59,43,64,0,2,2,1,18,1.1,Auto
2017,661,Florida,4,8,10,22,14,17,9,6,9,15,0,16,99.6,At-Large
2017,660,Florida Gulf Coast,14,64,85,108,68,66,108,1,0,1,4,16,0,Auto
2017,659,Florida St.,3,32,14,2,17,26,20,11,5,16,2,17,99.7,At-Large
2017,658,Gonzaga,1,2,8,8,8,2,1,6,6,12,0,31,100,Auto
2017,657,Iona,14,64,88,140,120,88,118,1,0,1,7,10,0,Auto
2017,656,Iowa St.,5,32,21,18,12,15,17,7,4,11,1,13,99.4,Auto
2017,655,Jacksonville St.,15,64,151,246,168,125,158,0,1,1,10,4,0,Auto
2017,654,Kansas,1,8,3,5,2,3,10,8,8,16,0,24,99.9,At-Large
2017,653,Kansas St.,11,64,57,34,40,58,29,4,2,6,2,7,68.1,At-Large
2017,652,Kent St.,14,64,142,190,150,87,141,0,2,2,12,8,0,Auto
2017,651,Kentucky,2,8,4,9,3,6,4,8,10,18,0,24,99.9,Auto
2017,650,Louisville,2,32,7,10,9,16,6,7,6,13,0,16,99.9,At-Large
2017,649,Marquette,10,64,61,29,49,53,28,7,2,9,2,7,61.8,At-Large
2017,648,Maryland,6,64,34,26,29,41,45,4,10,14,2,15,91.7,At-Large
2017,647,Miami FL,8,64,42,31,32,40,32,4,4,8,0,10,90.9,At-Large
2017,646,Michigan,7,16,25,12,27,20,21,7,6,13,0,13,98.6,Auto
2017,645,Michigan St.,9,32,50,25,51,62,43,5,4,9,2,5,61.5,At-Large
2017,644,Middle Tennessee,12,32,35,78,34,19,48,2,2,4,3,25,64.9,Auto
2017,643,Minnesota,5,64,20,19,28,35,33,7,5,12,1,15,98,At-Large
2017,642,Mount St. Mary's,16,64,150,218,165,164,213,0,0,0,7,4,0,Auto
2017,641,Nevada,12,64,29,65,37,21,55,0,10,10,1,22,60.2,Auto
2017,640,New Mexico St.,14,64,59,104,55,49,88,0,3,3,2,20,1,Auto
2017,639,New Orleans,16,68,154,199,136,141,178,0,0,0,8,6,0,Auto
2017,638,North Carolina,1,1,5,3,5,11,3,11,6,17,1,19,99.9,At-Large
2017,637,North Carolina Central,16,68,202,184,108,122,153,0,1,1,7,14,0,Auto
2017,636,North Dakota,15,64,144,203,114,101,173,0,1,1,8,10,0,Auto
2017,635,Northern Kentucky,15,64,87,182,105,79,147,0,1,1,7,12,0,Auto
2017,634,Northwestern,8,32,51,37,35,46,39,5,3,8,0,12,71.6,At-Large
2017,633,Notre Dame,5,32,23,13,16,23,25,7,6,13,1,16,99.2,At-Large
2017,632,Oklahoma St.,10,64,40,53,31,44,24,3,3,6,1,7,83.3,At-Large
2017,631,Oregon,3,4,9,20,15,8,16,4,13,17,1,23,99.6,At-Large
2017,630,Princeton,12,64,47,110,56,34,59,0,1,1,1,16,2.1,Auto
2017,629,Providence,11,68,56,39,48,47,56,6,2,8,3,8,44.8,At-Large
2017,628,Purdue,4,16,19,33,19,14,15,5,7,12,1,18,98.4,At-Large
2017,627,Rhode Island,11,32,31,35,50,28,37,3,6,9,2,15,87.6,Auto
2017,626,Saint Mary's,7,32,17,59,25,13,14,2,6,8,0,24,97.1,At-Large
2017,625,Seton Hall,9,64,44,41,33,39,53,4,5,9,1,10,73.8,At-Large
2017,624,SMU,6,64,13,40,11,4,11,2,8,10,0,26,99.4,Auto
2017,623,South Carolina,7,4,43,32,39,52,31,4,7,11,1,11,83.7,At-Large
2017,622,South Dakota St.,16,64,155,245,200,129,187,0,0,0,13,0,0,Auto
2017,621,Texas Southern,16,64,105,158,97,120,207,0,0,0,5,12,0,Auto
2017,620,Troy,15,64,147,167,169,94,130,1,0,1,11,6,0,Auto
2017,619,UC Davis,16,64,166,249,159,134,218,0,0,0,11,8,0,Auto
2017,618,UCLA,3,16,16,16,10,9,18,6,6,12,0,25,99.7,At-Large
2017,617,UNC Wilmington,12,64,27,84,38,25,60,0,6,6,2,22,21.1,Auto
2017,616,USC,11,32,41,49,44,51,61,2,4,6,1,15,59.9,At-Large
2017,615,Vanderbilt,9,64,38,17,54,45,34,6,5,11,1,4,81.6,At-Large
2017,614,VCU,10,64,22,56,43,33,52,3,6,9,2,18,80.5,At-Large
2017,613,Vermont,13,64,46,116,46,27,63,0,0,0,1,23,2.3,Auto
2017,612,Villanova,1,32,1,4,1,1,2,12,5,17,0,28,100,Auto
2017,611,Virginia,5,32,18,14,22,31,7,6,8,14,0,12,99.5,At-Large
2017,610,Virginia Tech,9,64,48,23,30,42,44,5,6,11,1,12,86.6,At-Large
2017,609,Wake Forest,11,68,39,47,45,48,30,3,5,8,0,6,76.2,At-Large
2017,608,West Virginia,4,16,24,11,13,18,5,6,7,13,3,18,99.5,At-Large
2017,607,Wichita St.,10,32,32,75,24,10,8,2,1,3,0,25,89.8,Auto
2017,606,Winthrop,13,64,70,113,69,60,112,0,3,3,3,18,0.1,Auto
2017,605,Wisconsin,8,16,36,21,21,32,23,4,9,13,0,16,96.7,At-Large
2017,604,Xavier,11,8,37,42,42,55,40,4,4,8,0,8,78.4,At-Large
2016,603,Arizona,6,64,26,27,23,20,16,4,9,13,1,17,97.7,At-Large
2016,602,Austin Peay,16,64,189,218,229,175,219,0,1,1,10,-1,0,Auto
2016,601,Baylor,5,64,25,25,22,40,24,5,5,10,0,10,97.9,At-Large
2016,600,Buffalo,14,64,91,112,129,108,141,1,1,2,5,5,0,Auto
2016,599,Butler,9,32,56,29,32,37,39,4,2,6,1,11,76.7,At-Large
2016,598,Cal St. Bakersfield,15,64,117,131,98,76,107,0,1,1,4,13,0,Auto
2016,597,California,4,64,16,14,29,24,25,7,7,14,1,13,99.1,At-Large
2016,596,Chattanooga,12,64,50,75,43,42,104,1,4,5,3,22,7.6,Auto
2016,595,Cincinnati,9,64,48,43,45,52,31,4,3,7,1,12,67.9,At-Large
2016,594,Colorado,8,64,35,30,41,54,54,4,5,9,1,10,85.1,At-Large
2016,593,Connecticut,9,32,32,44,38,31,27,3,5,8,0,14,88.5,Auto
2016,592,Dayton,7,64,22,59,27,26,56,3,6,9,2,18,85.5,At-Large
2016,591,Duke,4,16,20,12,17,32,14,6,5,11,1,13,99.5,At-Large
2016,590,Fairleigh Dickinson,16,68,204,284,199,206,270,0,0,0,11,3,0,Auto
2016,589,Florida Gulf Coast,16,64,215,239,172,167,179,0,0,0,9,3,0,Auto
2016,588,Fresno St.,14,64,66,100,66,45,106,2,0,2,5,14,0.3,Auto
2016,587,Gonzaga,11,16,45,72,31,17,26,2,3,5,1,18,58.4,Auto
2016,586,Green Bay,14,64,112,97,112,91,127,2,0,2,6,9,0,Auto
2016,585,Hampton,16,64,154,192,138,163,241,0,1,1,5,10,0,Auto
2016,584,Hawaii,13,32,80,90,39,33,63,0,7,7,1,20,1.8,Auto
2016,583,Holy Cross,16,64,248,317,285,240,286,0,0,0,18,-5,0,Auto
2016,582,Indiana,5,16,24,23,25,16,12,6,4,10,3,18,98.6,At-Large
2016,581,Iona,13,64,77,130,97,59,99,0,2,2,4,12,0,Auto
2016,580,Iowa,7,32,29,19,34,53,19,5,3,8,2,11,97.3,At-Large
2016,579,Iowa St.,4,16,23,13,21,43,21,8,4,12,0,10,99.1,At-Large
2016,578,Kansas,1,8,1,1,1,1,1,15,5,20,1,25,100,Auto
2016,577,Kentucky,4,32,11,21,14,13,7,3,12,15,3,18,99.6,Auto
2016,576,Little Rock,12,32,42,98,30,22,57,1,3,4,2,23,29.7,Auto
2016,575,Maryland,5,16,14,36,18,27,22,5,3,8,1,16,98.7,At-Large
2016,574,Miami FL,3,16,9,10,9,11,11,7,9,16,3,18,99.8,At-Large
2016,573,Michigan,11,64,57,33,40,60,44,4,0,4,0,9,58.3,At-Large
2016,572,Michigan St.,2,64,12,6,7,4,2,8,5,13,1,24,99.9,Auto
2016,571,Middle Tennessee,15,32,78,134,94,78,128,0,1,1,5,13,0,Auto
2016,570,North Carolina,1,2,5,11,4,3,4,5,10,15,0,22,99.9,Auto
2016,569,Northern Iowa,11,32,70,45,88,51,76,4,4,8,9,9,4.5,Auto
2016,568,Notre Dame,6,8,31,18,28,48,37,5,3,8,0,10,96.6,At-Large
2016,567,Oklahoma,2,4,6,3,5,10,8,10,4,14,0,18,99.9,At-Large
2016,566,Oregon,1,8,2,4,10,5,13,10,10,20,2,21,99.9,Auto
2016,565,Oregon St.,7,64,33,22,46,66,60,4,7,11,1,6,82.7,At-Large
2016,564,Pittsburgh,10,64,53,51,36,57,35,2,7,9,2,9,51.1,At-Large
2016,563,Providence,9,32,40,55,24,39,53,2,6,8,3,13,74.2,At-Large
2016,562,Purdue,5,64,15,26,15,14,9,4,6,10,1,18,99.4,At-Large
2016,561,Saint Joseph's,8,32,21,31,20,15,43,4,5,9,1,20,96.9,Auto
2016,560,Seton Hall,6,64,19,17,12,9,30,6,4,10,0,17,99.3,Auto
2016,559,South Dakota St.,12,64,28,123,73,36,80,0,3,3,5,17,0,Auto
2016,558,Southern,16,68,186,246,169,183,223,0,0,0,11,7,0,Auto
2016,557,Stephen F. Austin,14,32,61,114,74,29,45,0,3,3,1,18,0.6,Auto
2016,556,Stony Brook,13,64,60,103,70,58,92,1,1,2,4,18,0.4,Auto
2016,555,Syracuse,10,4,72,32,59,80,38,5,3,8,3,6,9.3,At-Large
2016,554,Temple,10,64,59,41,57,56,95,5,2,7,2,10,17.1,At-Large
2016,553,Texas,6,64,27,7,26,38,32,7,6,13,1,8,98.6,At-Large
2016,552,Texas A&M,3,16,18,16,13,18,17,5,9,14,1,18,99.4,At-Large
2016,551,Texas Tech,8,64,36,20,37,62,42,6,2,8,2,7,89.4,At-Large
2016,550,Tulsa,11,68,58,42,75,75,62,4,4,8,3,9,11.1,At-Large
2016,549,UNC Asheville,15,64,137,152,139,122,122,0,1,1,9,9,0,Auto
2016,548,UNC Wilmington,13,64,46,117,62,28,82,0,4,4,5,16,0.2,Auto
2016,547,USC,8,64,51,40,48,73,41,5,4,9,0,9,40.6,At-Large
2016,546,Utah,3,32,8,8,11,12,28,9,9,18,0,17,99.7,At-Large
2016,545,Vanderbilt,11,68,63,47,60,69,23,2,5,7,3,6,15.4,At-Large
2016,544,VCU,10,32,37,56,54,41,34,2,6,8,2,14,54.4,At-Large
2016,543,Villanova,2,1,4,9,2,2,5,7,8,15,0,24,99.9,At-Large
2016,542,Virginia,1,8,3,2,3,6,3,9,7,16,0,19,99.9,At-Large
2016,541,Weber St.,15,64,108,143,99,82,140,1,0,1,6,15,0,Auto
2016,540,West Virginia,3,64,10,5,8,8,6,9,4,13,0,18,99.9,At-Large
2016,539,Wichita St.,11,32,47,73,47,25,20,1,3,4,1,15,41.3,At-Large
2016,538,Wisconsin,7,16,43,24,44,46,33,5,5,10,6,8,87.1,At-Large
2016,537,Xavier,2,32,7,15,6,7,18,6,6,12,1,22,99.8,At-Large
2016,536,Yale,12,32,44,107,52,34,51,1,0,1,2,15,5,Auto
2015,535,Albany,14,64,99,159,85,60,134,0,1,1,7,16,0,Auto
2015,534,Arizona,2,8,5,10,6,4,3,9,9,18,3,28,99.9,Auto
2015,533,Arkansas,5,32,20,27,19,15,29,4,8,12,1,18,98.3,At-Large
2015,532,Baylor,3,64,10,8,15,18,13,8,4,12,0,14,99.8,At-Large
2015,531,Belmont,15,64,105,186,109,89,149,0,1,1,7,11,0,Auto
2015,530,Boise St.,11,68,40,65,44,33,45,3,1,4,3,15,58.5,At-Large
2015,529,Buffalo,12,64,28,110,60,38,57,0,4,4,4,14,3.5,Auto
2015,528,Butler,6,32,31,18,23,35,21,6,2,8,0,12,98,At-Large
2015,527,BYU,11,68,36,72,38,30,27,1,3,4,3,14,66.5,At-Large
2015,526,Cincinnati,8,32,37,24,65,56,41,6,2,8,3,12,66.7,At-Large
2015,525,Coastal Carolina,16,64,130,158,118,107,147,0,2,2,7,11,0,Auto
2015,524,Davidson,10,64,35,47,31,25,30,2,5,7,2,16,87.2,At-Large
2015,523,Dayton,11,32,32,64,39,37,49,1,5,6,2,17,65.4,At-Large
2015,522,Duke,1,1,6,4,4,5,6,11,6,17,0,25,99.9,At-Large
2015,521,Eastern Washington,13,64,74,138,73,71,135,0,1,1,5,15,0,Auto
2015,520,Georgetown,4,32,25,36,21,29,22,4,4,8,0,11,97.6,At-Large
2015,519,Georgia,10,64,38,74,32,39,36,0,9,9,2,10,54.3,At-Large
2015,518,Georgia St.,14,32,53,163,79,46,73,0,1,1,5,14,0.1,Auto
2015,517,Gonzaga,2,8,8,23,9,6,7,6,3,9,0,29,99.9,Auto
2015,516,Hampton,16,64,251,285,261,211,270,0,0,0,13,-1,0,Auto
2015,515,Harvard,13,64,52,111,63,51,80,0,4,4,5,13,0.6,Auto
2015,514,Indiana,10,64,61,28,52,75,50,4,4,8,1,7,31,At-Large
2015,513,Iowa,7,32,43,26,30,42,25,4,5,9,2,10,92.4,At-Large
2015,512,Iowa St.,3,64,9,2,11,10,14,13,3,16,1,17,99.8,Auto
2015,511,Kansas,2,32,3,1,7,12,12,12,6,18,0,18,99.9,At-Large
2015,510,Kentucky,1,4,1,3,1,1,1,11,11,22,0,34,100,Auto
2015,509,Lafayette,16,64,122,182,159,148,188,0,0,0,9,7,0,Auto
2015,508,Louisville,4,8,21,30,13,22,19,3,6,9,0,16,98.9,At-Large
2015,507,LSU,9,64,57,31,45,48,47,3,9,12,5,12,57.2,At-Large
2015,506,Manhattan,16,68,168,197,166,99,155,0,1,1,8,6,0,Auto
2015,505,Maryland,4,32,13,15,10,14,33,5,5,10,0,21,99.5,At-Large
2015,504,Michigan St.,7,4,23,32,26,21,18,4,6,10,2,12,97.4,At-Large
2015,503,Mississippi,11,64,60,40,55,64,38,3,6,9,4,8,25.5,At-Large
2015,502,New Mexico St.,15,64,103,127,104,82,94,0,2,2,4,11,0,Auto
2015,501,North Carolina,4,16,11,13,12,17,11,7,4,11,0,13,99.7,At-Large
2015,500,North Carolina St.,8,16,39,22,37,47,37,4,6,10,3,7,92.3,At-Large
2015,499,North Dakota St.,15,64,92,151,97,84,157,0,2,2,5,12,0,Auto
2015,498,North Florida,16,68,162,201,121,102,137,0,1,1,7,9,0,Auto
2015,497,Northeastern,14,64,86,155,102,83,119,0,3,3,7,12,0,Auto
2015,496,Northern Iowa,5,32,14,41,14,9,17,3,5,8,1,27,99.4,Auto
2015,495,Notre Dame,3,8,16,11,8,8,10,7,4,11,0,24,99.7,Auto
2015,494,Ohio St.,10,32,41,52,28,40,16,1,7,8,0,13,84,At-Large
2015,493,Oklahoma,3,16,18,7,17,20,9,12,0,12,2,12,99.7,At-Large
2015,492,Oklahoma St.,9,64,49,19,48,79,34,6,2,8,2,4,62,At-Large
2015,491,Oregon,8,32,27,33,27,16,52,3,6,9,2,15,92.7,At-Large
2015,490,Providence,6,64,22,16,22,34,28,6,7,13,3,11,98.7,At-Large
2015,489,Purdue,9,64,55,43,40,43,46,4,5,9,3,9,49.9,At-Large
2015,488,Robert Morris,16,64,171,217,178,150,183,0,0,0,10,5,0,Auto
2015,487,San Diego St.,8,32,26,37,33,26,32,4,3,7,2,17,94.5,At-Large
2015,486,SMU,6,64,12,25,24,13,26,5,8,13,0,20,98.8,Auto
2015,485,St. John's,9,64,44,21,29,45,40,5,4,9,2,9,93.1,At-Large
2015,484,Stephen F. Austin,12,64,33,104,35,19,44,0,4,4,1,22,33.6,Auto
2015,483,Texas,11,64,42,35,41,57,20,3,5,8,0,7,85.2,At-Large
2015,482,Texas Southern,15,64,118,92,106,120,214,1,1,2,5,10,0,Auto
2015,481,UAB,14,32,129,142,165,119,138,1,2,3,7,3,0,Auto
2015,480,UC Irvine,13,64,88,132,107,69,96,0,3,3,6,7,0,Auto
2015,479,UCLA,11,16,48,55,49,54,42,2,3,5,3,7,44.7,At-Large
2015,478,Utah,5,16,19,45,20,24,8,3,4,7,1,15,98,At-Large
2015,477,Valparaiso,13,64,50,125,46,31,64,0,3,3,4,20,3.7,Auto
2015,476,VCU,7,64,15,20,25,23,31,6,8,14,2,17,98.8,Auto
2015,475,Villanova,1,32,2,5,3,2,4,13,4,17,0,30,100,Auto
2015,474,Virginia,2,32,7,9,5,7,5,8,5,13,0,26,99.9,At-Large
2015,473,West Virginia,5,16,24,17,18,28,23,7,3,10,0,14,98.9,At-Large
2015,472,Wichita St.,7,16,17,46,16,11,15,2,5,7,0,23,98.5,At-Large
2015,471,Wisconsin,1,2,4,6,2,3,2,9,10,19,1,28,100,Auto
2015,470,Wofford,12,64,47,95,43,41,100,1,2,3,2,20,5.4,Auto
2015,469,Wyoming,12,64,71,49,66,63,99,5,0,5,5,14,1.9,Auto
2015,468,Xavier,6,16,30,12,36,36,24,8,3,11,4,8,97.1,At-Large
2014,467,Albany,16,64,185,242,186,152,187,0,0,0,13,4,0,Auto
2014,466,American,15,64,118,179,130,107,107,0,2,2,8,8,0,Auto
2014,465,Arizona,1,8,2,2,2,3,2,11,7,18,0,26,100,At-Large
2014,464,Arizona St.,10,64,44,43,46,58,37,4,5,9,2,10,68.2,At-Large
2014,463,Baylor,6,16,30,11,31,27,30,8,4,12,1,11,97.5,At-Large
2014,462,BYU,10,64,31,51,51,37,44,3,5,8,4,11,70.8,At-Large
2014,461,Cal Poly,16,64,208,232,241,213,172,0,0,0,14,-8,0,Auto
2014,460,Cincinnati,5,64,21,23,16,21,26,6,4,10,0,21,98.6,At-Large
2014,459,Coastal Carolina,16,64,196,205,167,150,236,0,0,0,7,6,0,Auto
2014,458,Colorado,8,64,34,36,34,45,60,5,4,9,1,12,83.2,At-Large
2014,457,Connecticut,7,1,22,15,17,22,25,7,2,9,1,18,99.1,At-Large
2014,456,Creighton,3,32,10,9,14,19,9,8,6,14,0,19,99.8,At-Large
2014,455,Dayton,11,8,43,32,49,42,56,4,6,10,3,13,68.3,At-Large
2014,454,Delaware,13,64,65,133,68,54,109,0,1,1,3,16,0,Auto
2014,453,Duke,3,64,9,7,12,12,6,6,6,12,2,18,99.8,At-Large
2014,452,Eastern Kentucky,15,64,97,150,94,85,137,0,2,2,5,13,0,Auto
2014,451,Florida,1,4,1,3,1,1,3,10,7,17,0,30,100,Auto
2014,450,George Washington,9,64,29,25,30,31,48,4,7,11,0,16,94.8,At-Large
2014,449,Gonzaga,8,32,20,64,24,14,22,2,8,10,2,21,92.5,Auto
2014,448,Harvard,12,32,46,121,35,23,32,0,2,2,2,21,15.8,Auto
2014,447,Iowa,11,68,56,37,47,76,20,5,1,6,2,8,48.5,At-Large
2014,446,Iowa St.,3,16,7,6,9,9,21,9,6,15,0,19,99.8,Auto
2014,445,Kansas,2,32,3,1,11,18,5,12,5,17,0,15,99.9,At-Large
2014,444,Kansas St.,9,64,51,18,52,63,46,7,2,9,2,8,66.6,At-Large
2014,443,Kentucky,8,2,17,29,25,28,19,4,10,14,1,14,98.2,At-Large
2014,442,Louisiana Lafayette,14,64,90,158,99,82,114,0,2,2,6,9,0,Auto
2014,441,Louisville,4,16,19,17,15,6,1,5,4,9,0,24,99.5,Auto
2014,440,Manhattan,13,64,60,116,64,41,77,0,5,5,5,18,0.5,Auto
2014,439,Massachusetts,6,64,23,13,28,36,49,7,6,13,1,16,97.4,At-Large
2014,438,Memphis,8,32,37,31,32,43,43,4,2,6,1,13,89.8,At-Large
2014,437,Mercer,14,32,81,138,88,75,98,0,1,1,5,15,0,Auto
2014,436,Michigan,2,8,11,4,8,7,12,10,4,14,2,17,99.8,At-Large
2014,435,Michigan St.,4,8,18,8,10,17,11,7,3,10,0,18,99.7,Auto
2014,434,Milwaukee,15,64,131,202,141,114,163,0,2,2,9,7,0,Auto
2014,433,Mount St. Mary's,16,68,189,269,207,164,207,0,0,0,12,0,0,Auto
2014,432,Nebraska,11,64,48,34,44,46,54,4,2,6,3,7,68.7,At-Large
2014,431,New Mexico,7,64,12,38,19,10,31,3,4,7,1,21,98.6,Auto
2014,430,New Mexico St.,13,64,72,113,81,71,71,1,0,1,5,16,0.1,Auto
2014,429,North Carolina,6,32,25,14,21,26,29,5,6,11,3,14,98.6,At-Large
2014,428,North Carolina Central,14,64,99,139,65,53,89,0,1,1,2,21,0,Auto
2014,427,North Carolina St.,12,64,55,57,50,57,73,3,3,6,2,8,17.2,At-Large
2014,426,North Dakota St.,12,32,35,110,58,32,59,0,3,3,3,16,5,Auto
2014,425,Ohio St.,6,64,24,22,20,29,15,6,7,13,3,16,98.7,At-Large
2014,424,Oklahoma,5,64,26,24,23,33,28,7,4,11,1,14,97.5,At-Large
2014,423,Oklahoma St.,9,64,45,45,42,55,16,4,4,8,1,9,77.9,At-Large
2014,422,Oregon,7,32,28,28,33,34,27,4,7,11,1,14,96.3,At-Large
2014,421,Pittsburgh,9,32,39,61,22,30,17,2,5,7,0,16,83.7,At-Large
2014,420,Providence,11,64,40,42,45,40,45,3,5,8,2,10,74.1,Auto
2014,419,Saint Joseph's,10,64,32,19,36,24,55,6,4,10,1,15,92.5,Auto
2014,418,Saint Louis,5,32,27,26,26,25,35,5,4,9,1,19,96.5,At-Large
2014,417,San Diego St.,4,16,15,39,13,8,24,3,3,6,1,23,99.3,At-Large
2014,416,Stanford,10,16,41,33,48,48,34,5,2,7,1,9,81.4,At-Large
2014,415,Stephen F. Austin,12,32,52,127,37,20,70,0,1,1,1,27,5.2,Auto
2014,414,Syracuse,3,32,16,10,7,11,18,7,7,14,2,22,99.7,At-Large
2014,413,Tennessee,11,16,42,55,55,44,14,3,4,7,4,8,58,At-Large
2014,412,Texas,7,32,36,12,29,39,41,6,6,12,1,13,96.1,At-Large
2014,411,Texas Southern,16,68,239,287,214,178,248,0,0,0,12,4,0,Auto
2014,410,Tulsa,13,64,73,104,96,50,79,1,4,5,5,9,0.1,Auto
2014,409,UCLA,4,16,14,21,18,15,13,8,4,12,1,18,99.4,Auto
2014,408,VCU,5,64,13,27,27,16,23,5,7,12,1,18,98.8,At-Large
2014,407,Villanova,2,32,5,20,3,5,7,6,10,16,1,24,99.9,At-Large
2014,406,Virginia,1,16,8,16,4,4,4,5,8,13,0,22,99.8,Auto
2014,405,Weber St.,16,64,149,224,154,145,170,0,0,0,9,6,0,Auto
2014,404,Western Michigan,14,64,66,72,90,62,124,2,6,8,5,13,0.2,Auto
2014,403,Wichita St.,1,32,4,49,5,2,8,3,8,11,0,33,99.9,Auto
2014,402,Wisconsin,2,4,6,5,6,13,10,7,9,16,2,19,99.9,At-Large
2014,401,Wofford,15,64,153,191,151,146,191,0,0,0,7,5,0,Auto
2014,400,Xavier,12,68,47,35,39,60,40,4,5,9,3,9,70.5,At-Large
2013,399,Akron,12,64,42,91,45,38,52,1,4,5,3,19,21.5,Auto
2013,398,Albany,15,64,131,136,106,88,150,0,2,2,6,14,0,Auto
2013,397,Arizona,6,16,15,19,16,21,17,6,6,12,1,18,99.5,At-Large
2013,396,Belmont,11,64,19,78,50,34,39,1,5,6,4,18,67.2,Auto
2013,395,Boise St.,13,68,44,28,53,51,45,4,4,8,2,9,68,At-Large
2013,394,Bucknell,11,64,51,93,42,33,55,1,2,3,4,22,11.4,Auto
2013,393,Butler,6,32,22,14,14,22,48,6,4,10,0,17,98.7,At-Large
2013,392,California,12,32,54,38,46,54,59,5,2,7,1,9,44.4,At-Large
2013,391,Cincinnati,10,64,50,37,36,49,40,5,4,9,0,11,70.3,At-Large
2013,390,Colorado,10,64,38,36,40,50,49,4,5,9,2,10,79.9,At-Large
2013,389,Colorado St.,8,32,18,40,34,32,19,3,8,11,1,15,96.6,At-Large
2013,388,Creighton,7,32,25,46,22,15,14,4,6,10,2,20,96,Auto
2013,387,Davidson,14,64,61,144,62,39,66,0,2,2,3,18,0.2,Auto
2013,386,Duke,2,8,1,3,4,9,5,9,6,15,0,22,99.9,At-Large
2013,385,Florida,3,8,7,25,19,16,1,5,8,13,0,19,99.6,At-Large
2013,384,Florida Gulf Coast,15,16,93,123,99,76,129,1,1,2,6,12,0,Auto
2013,383,Georgetown,2,64,11,8,9,11,15,9,4,13,1,19,99.8,At-Large
2013,382,Gonzaga,1,32,6,22,2,1,4,6,7,13,0,28,99.9,Auto
2013,381,Harvard,14,32,92,149,77,86,98,0,1,1,4,9,0,Auto
2013,380,Illinois,7,32,40,16,30,55,44,6,1,7,2,8,93.3,At-Large
2013,379,Indiana,1,16,8,2,3,10,3,9,3,12,0,21,99.9,At-Large
2013,378,Iona,15,64,98,151,128,89,91,0,3,3,10,7,0,Auto
2013,377,Iowa St.,10,32,45,45,44,46,36,4,4,8,2,11,68.9,At-Large
2013,376,James Madison,16,64,182,243,190,140,191,0,0,0,11,6,0,Auto
2013,375,Kansas,1,16,5,1,5,4,6,13,2,15,1,24,99.9,Auto
2013,374,Kansas St.,4,64,20,30,12,12,27,6,2,8,0,19,98.7,At-Large
2013,373,La Salle,13,16,46,49,48,42,57,2,4,6,1,12,47.5,At-Large
2013,372,Liberty,16,68,287,334,301,230,267,0,0,0,16,-8,0,Auto
2013,371,LIU Brooklyn,16,68,179,209,188,122,187,0,0,0,11,7,0,Auto
2013,370,Louisville,1,1,3,5,1,2,2,10,5,15,0,24,99.9,Auto
2013,369,Marquette,3,8,13,17,18,17,25,7,3,10,1,15,99.4,At-Large
2013,368,Memphis,6,32,12,52,15,6,34,3,6,9,0,26,98.2,Auto
2013,367,Miami FL,2,16,4,6,10,7,13,8,7,15,2,21,99.9,Auto
2013,366,Michigan,4,2,21,13,11,20,9,8,2,10,1,18,99.6,At-Large
2013,365,Michigan St.,3,16,9,12,8,13,10,8,2,10,0,16,99.8,At-Large
2013,364,Middle Tennessee,11,68,28,105,43,26,41,1,0,1,2,23,27.7,At-Large
2013,363,Minnesota,11,32,34,20,33,69,23,5,6,11,3,8,94.4,At-Large
2013,362,Mississippi,12,32,48,53,37,35,35,3,5,8,3,18,66.2,Auto
2013,361,Missouri,9,64,36,33,41,48,22,4,5,9,1,13,90.8,At-Large
2013,360,Montana,13,64,74,116,61,71,138,0,2,2,1,17,0,Auto
2013,359,New Mexico,3,64,2,4,7,3,16,10,9,19,0,24,99.9,Auto
2013,358,New Mexico St.,13,64,55,86,80,52,81,1,3,4,4,13,1.2,Auto
2013,357,North Carolina,8,32,17,51,29,23,32,2,7,9,1,13,94.1,At-Large
2013,356,North Carolina A&T,16,64,213,254,219,186,228,0,1,1,14,2,0,Auto
2013,355,North Carolina St.,8,64,33,43,32,41,29,3,4,7,1,14,91,At-Large
2013,354,Northwestern St.,14,64,78,125,83,72,133,0,3,3,4,11,0,Auto
2013,353,Notre Dame,7,64,35,26,21,28,28,5,4,9,0,16,96,At-Large
2013,352,Ohio St.,2,8,10,10,6,5,7,8,2,10,0,19,99.9,Auto
2013,351,Oklahoma,10,64,39,50,49,65,50,3,5,8,2,9,53.8,At-Large
2013,350,Oklahoma St.,5,64,27,23,24,25,20,6,3,9,1,16,98,At-Large
2013,349,Oregon,12,16,47,31,26,31,46,4,5,9,1,18,83.9,Auto
2013,348,Pacific,15,64,97,128,113,83,111,1,1,2,8,8,0,Auto
2013,347,Pittsburgh,8,64,43,34,25,30,8,4,5,9,1,16,93.7,At-Large
2013,346,Saint Louis,4,32,16,7,20,8,18,7,6,13,1,21,99.5,Auto
2013,345,Saint Mary's,11,64,29,61,28,14,24,1,6,7,1,20,85.3,At-Large
2013,344,San Diego St.,7,32,30,29,47,44,26,5,3,8,0,10,93.3,At-Large
2013,343,South Dakota St.,13,64,62,87,85,70,95,1,3,4,5,13,0.3,Auto
2013,342,Southern,16,64,180,196,123,141,172,0,0,0,7,11,0,Auto
2013,341,Syracuse,4,4,14,18,13,19,12,6,6,12,0,17,99.6,At-Large
2013,340,Temple,9,32,41,27,38,40,60,4,6,10,3,14,81.3,At-Large
2013,339,UCLA,6,64,26,15,23,24,43,5,8,13,3,16,97.8,At-Large
2013,338,UNLV,5,64,23,11,35,29,31,7,7,14,2,15,98.2,At-Large
2013,337,Valparaiso,14,64,58,129,57,36,61,0,2,2,4,18,0.6,Auto
2013,336,VCU,5,32,24,24,27,18,21,3,9,12,0,18,98.1,At-Large
2013,335,Villanova,9,64,52,21,51,56,54,5,3,8,2,6,65,At-Large
2013,334,Western Kentucky,16,64,150,195,185,150,180,0,0,0,9,4,0,Auto
2013,333,Wichita St.,9,4,37,42,31,37,30,3,5,8,3,18,88.1,At-Large
2013,332,Wisconsin,5,64,32,9,17,27,11,8,3,11,1,12,99.1,At-Large
2012,331,Alabama,9,64,36,43,39,57,28,3,4,7,1,10,82.9,At-Large
2012,330,Baylor,3,8,8,15,9,12,12,9,3,12,0,19,99.8,At-Large
2012,329,Belmont,14,64,58,126,45,29,24,1,1,2,3,19,4.8,Auto
2012,328,BYU,14,64,45,66,52,47,49,1,4,5,2,15,28.2,At-Large
2012,327,California,12,68,37,82,37,45,29,0,8,8,2,15,49.2,At-Large
2012,326,Cincinnati,6,16,42,12,24,25,37,7,2,9,3,14,95.7,At-Large
2012,325,Colorado,11,32,62,65,62,54,88,2,5,7,3,10,2.5,Auto
2012,324,Colorado St.,11,64,29,44,71,62,77,3,4,7,2,9,50.3,At-Large
2012,323,Connecticut,9,64,32,36,49,69,39,3,6,9,2,7,77.4,At-Large
2012,322,Creighton,8,32,24,38,15,11,26,3,5,8,2,23,97.7,Auto
2012,321,Davidson,13,64,64,93,64,49,68,1,1,2,3,17,1,Auto
2012,320,Detroit,15,64,125,146,136,80,115,0,2,2,5,7,0,Auto
2012,319,Duke,2,64,5,7,7,10,13,7,6,13,0,21,99.9,At-Large
2012,318,Florida,7,8,30,28,22,38,17,4,4,8,2,13,97.6,At-Large
2012,317,Florida St.,3,32,11,16,18,14,23,5,6,11,2,15,99.6,Auto
2012,316,Georgetown,3,32,15,13,16,31,15,7,2,9,0,14,99.6,At-Large
2012,315,Gonzaga,7,32,25,37,33,30,27,5,2,7,1,19,94.2,At-Large
2012,314,Harvard,12,64,35,71,30,27,40,1,4,5,1,21,75.3,Auto
2012,313,Indiana,4,16,17,9,12,26,11,8,3,11,2,17,99.7,At-Large
2012,312,Iona,14,68,40,122,56,41,52,0,5,5,4,18,3.6,At-Large
2012,311,Iowa St.,8,32,33,26,36,40,31,5,1,6,2,12,94.1,At-Large
2012,310,Kansas,2,2,6,4,6,6,4,11,1,12,0,21,99.9,At-Large
2012,309,Kansas St.,8,32,48,19,34,43,21,6,0,6,2,11,92.4,At-Large
2012,308,Kentucky,1,1,2,5,1,1,1,9,7,16,0,30,100,At-Large
2012,307,Lamar,16,68,108,186,119,105,99,0,0,0,6,10,0,Auto
2012,306,Lehigh,15,32,91,121,74,44,84,0,3,3,4,18,0,Auto
2012,305,LIU Brooklyn,16,64,80,152,91,68,164,0,3,3,6,17,0,Auto
2012,304,Long Beach St.,12,64,34,105,43,37,34,1,1,2,1,15,22.9,Auto
2012,303,Louisville,4,4,14,10,13,16,20,8,5,13,1,17,99.6,Auto
2012,302,Loyola MD,15,64,78,133,76,72,131,1,1,2,5,16,0,Auto
2012,301,Marquette,3,16,9,17,11,17,19,5,6,11,0,18,99.7,At-Large
2012,300,Memphis,8,64,16,23,23,18,10,5,7,12,1,18,99,Auto
2012,299,Michigan,4,64,13,8,10,22,22,7,6,13,2,14,99.7,At-Large
2012,298,Michigan St.,1,16,3,1,4,5,3,11,3,14,0,20,99.9,Auto
2012,297,Mississippi Valley St.,16,68,144,171,127,142,237,0,0,0,5,9,0,Auto
2012,296,Missouri,2,64,10,6,3,3,5,11,1,12,1,26,99.9,Auto
2012,295,Montana,13,64,74,109,79,53,93,1,2,3,3,17,0.1,Auto
2012,294,Murray St.,6,32,22,39,21,8,38,3,1,4,1,26,99.2,Auto
2012,293,New Mexico,5,32,27,21,26,13,18,6,3,9,2,20,98.1,Auto
2012,292,New Mexico St.,13,64,59,125,85,63,56,1,0,1,3,15,0.2,Auto
2012,291,Norfolk St.,15,32,128,161,94,107,191,0,2,2,5,16,0,Auto
2012,290,North Carolina,1,8,4,11,5,4,6,8,4,12,0,24,99.9,At-Large
2012,289,North Carolina St.,11,16,49,79,51,58,45,1,5,6,2,10,15.6,At-Large
2012,288,Notre Dame,7,64,39,20,32,39,43,4,6,10,4,11,93.1,At-Large
2012,287,Ohio,13,16,46,89,50,33,67,1,6,7,4,19,12.1,Auto
2012,286,Ohio St.,2,4,7,3,8,7,2,9,5,14,0,20,99.9,At-Large
2012,285,Purdue,10,32,47,30,38,48,33,3,6,9,2,9,83.2,At-Large
2012,284,Saint Louis,9,32,31,61,29,28,14,2,6,8,2,17,86.9,At-Large
2012,283,Saint Mary's,7,64,28,31,27,23,36,4,2,6,1,20,94.7,Auto
2012,282,San Diego St.,6,64,26,25,25,32,51,6,3,9,1,17,95.6,At-Large
2012,281,South Dakota St.,14,64,43,145,65,36,54,0,3,3,5,18,1,Auto
2012,280,South Florida,12,32,52,55,59,46,60,2,4,6,3,6,14.1,At-Large
2012,279,Southern Miss,9,64,21,41,40,56,64,3,6,9,3,15,93.1,At-Large
2012,278,St. Bonaventure,14,64,72,83,72,42,58,1,6,7,3,9,1,Auto
2012,277,Syracuse,1,8,1,2,2,2,7,11,6,17,0,29,100,At-Large
2012,276,Temple,5,64,20,24,19,20,35,4,7,11,2,16,98.5,At-Large
2012,275,Texas,11,64,50,47,46,64,30,4,0,4,2,7,55,At-Large
2012,274,UNC Asheville,16,64,104,158,102,97,118,0,0,0,4,12,0,Auto
2012,273,UNLV,6,64,18,27,28,35,32,5,4,9,1,16,98.1,At-Large
2012,272,Vanderbilt,5,32,19,18,20,19,16,5,8,13,2,14,99.3,Auto
2012,271,VCU,12,32,38,97,31,15,50,0,6,6,2,22,31.2,Auto
2012,270,Vermont,16,64,135,174,139,104,123,0,0,0,6,12,0,Auto
2012,269,Virginia,10,64,53,49,35,52,25,2,5,7,3,13,62.8,At-Large
2012,268,West Virginia,10,64,57,32,61,75,41,4,5,9,2,6,18.1,At-Large
2012,267,Western Kentucky,16,64,189,224,218,162,201,0,2,2,10,-3,0,Auto
2012,266,Wichita St.,5,64,12,35,17,9,9,2,6,8,1,21,99.1,At-Large
2012,265,Wisconsin,4,16,23,14,14,21,8,6,5,11,2,15,99.4,At-Large
2012,264,Xavier,10,16,41,34,48,59,57,4,4,8,1,9,63.2,At-Large
2011,263,Akron,15,64,107,144,123,92,125,0,2,2,6,10,0,Auto
2011,262,Alabama St.,16,68,257,296,265,226,302,0,0,0,15,-2,0,Auto
2011,261,Arizona,5,8,19,56,16,20,24,2,8,10,1,20,95.5,At-Large
2011,260,Belmont,13,64,51,117,40,17,23,0,2,2,1,26,10.6,Auto
2011,259,Boston University,16,64,129,189,160,112,170,0,2,2,9,8,0,Auto
2011,258,Bucknell,14,64,79,129,75,48,85,1,0,1,3,17,0,Auto
2011,257,Butler,8,2,33,59,57,31,44,3,4,7,3,13,43.7,Auto
2011,256,BYU,3,16,5,4,8,5,11,9,3,12,0,25,99.9,At-Large
2011,255,Cincinnati,6,32,36,18,20,26,19,5,2,7,0,17,97.8,At-Large
2011,254,Clemson,12,64,57,80,44,47,29,0,9,9,3,10,20.5,At-Large
2011,253,Connecticut,3,1,14,1,10,13,15,12,3,15,0,17,99.8,Auto
2011,252,Duke,1,16,4,12,3,4,2,8,9,17,0,26,99.9,Auto
2011,251,Florida,2,8,8,8,14,11,21,11,5,16,3,19,99.7,At-Large
2011,250,Florida St.,10,16,55,63,41,49,45,1,5,6,1,11,33.8,At-Large
2011,249,George Mason,8,32,24,42,39,19,26,3,4,7,2,20,92.9,At-Large
2011,248,Georgetown,6,64,13,14,18,36,22,8,1,9,0,11,99.5,At-Large
2011,247,Georgia,10,64,47,49,49,59,64,3,2,5,0,10,42.7,At-Large
2011,246,Gonzaga,11,32,56,47,47,29,36,3,3,6,2,14,45.8,Auto
2011,245,Hampton,16,64,153,179,122,140,203,1,0,1,8,15,0,Auto
2011,244,Illinois,9,32,48,29,36,66,20,4,7,11,2,6,82.1,At-Large
2011,243,Indiana St.,14,64,84,103,99,65,115,2,1,3,7,6,0,Auto
2011,242,Kansas,1,8,1,7,2,2,3,9,12,21,0,30,100,Auto
2011,241,Kansas St.,5,32,23,30,28,30,30,3,7,10,0,11,97.5,At-Large
2011,240,Kentucky,4,4,7,11,15,10,9,9,3,12,1,17,99.8,Auto
2011,239,Little Rock,16,68,188,210,218,184,215,0,1,1,14,1,0,Auto
2011,238,LIU Brooklyn,15,64,75,126,63,42,107,0,2,2,1,22,0,Auto
2011,237,Louisville,4,64,17,3,17,21,12,9,3,12,1,16,99.7,At-Large
2011,236,Marquette,11,16,64,19,43,62,28,5,2,7,1,6,66.2,At-Large
2011,235,Memphis,12,64,28,45,51,41,91,2,11,13,2,16,68.1,Auto
2011,234,Michigan,8,32,52,31,33,50,40,6,4,10,1,6,72.5,At-Large
2011,233,Michigan St.,10,64,45,25,29,61,46,5,5,10,1,4,76.7,At-Large
2011,232,Missouri,11,64,37,35,37,52,34,4,3,7,0,12,87.9,At-Large
2011,231,Morehead St.,13,32,77,163,89,70,94,0,3,3,7,12,0,Auto
2011,230,North Carolina,2,8,6,28,7,6,16,2,14,16,1,19,99.7,At-Large
2011,229,Northern Colorado,15,64,99,171,105,91,116,0,0,0,6,9,0,Auto
2011,228,Notre Dame,2,32,9,2,5,8,10,11,4,15,0,20,99.9,At-Large
2011,227,Oakland,13,64,53,110,46,28,58,1,0,1,2,15,3.5,Auto
2011,226,Ohio St.,1,16,2,9,1,1,1,9,10,19,0,30,100,Auto
2011,225,Old Dominion,9,64,20,21,26,14,49,6,8,14,1,21,97.1,Auto
2011,224,Penn St.,10,64,39,27,34,44,47,5,5,10,1,5,87.5,At-Large
2011,223,Pittsburgh,1,32,10,5,6,9,4,9,3,12,0,22,99.9,At-Large
2011,222,Princeton,13,64,40,88,54,32,81,2,2,4,2,18,9,Auto
2011,221,Purdue,3,32,12,16,9,15,6,8,8,16,1,18,99.7,At-Large
2011,220,Richmond,12,16,41,52,30,22,39,3,2,5,2,20,77.9,Auto
2011,219,Saint Peter's,14,64,92,122,128,98,129,0,4,4,6,7,0,Auto
2011,218,San Diego St.,2,16,3,15,4,3,7,7,6,13,0,28,100,Auto
2011,217,St. John's,6,64,26,10,21,27,33,8,2,10,3,10,98.9,At-Large
2011,216,Syracuse,3,32,18,6,11,16,13,9,3,12,1,18,99.7,At-Large
2011,215,Temple,7,32,30,50,27,23,32,3,2,5,1,18,90.5,At-Large
2011,214,Tennessee,9,64,34,24,62,79,54,8,3,11,3,5,47.2,At-Large
2011,213,Texas,4,32,11,17,13,12,5,8,4,12,0,20,99.8,At-Large
2011,212,Texas A&M,7,64,29,33,24,35,41,5,3,8,0,15,94.4,At-Large
2011,211,UAB,12,68,31,58,52,39,60,1,9,10,1,14,46.9,At-Large
2011,210,UC Santa Barbara,15,64,157,133,145,131,121,1,1,2,10,3,0,Auto
2011,209,UCLA,7,32,44,32,38,38,51,3,4,7,2,12,80.5,At-Large
2011,208,UNC Asheville,16,64,147,220,170,145,144,0,0,0,10,3,0,Auto
2011,207,UNLV,8,64,25,38,23,25,25,3,4,7,1,16,96.4,At-Large
2011,206,USC,11,68,67,37,70,58,48,5,3,8,6,5,10.8,At-Large
2011,205,Utah St.,12,64,15,99,19,7,17,1,1,2,1,26,90.5,Auto
2011,204,UTSA,16,64,194,276,190,156,227,0,0,0,11,3,0,Auto
2011,203,Vanderbilt,5,64,27,26,31,40,31,5,5,10,2,13,96.5,At-Large
2011,202,VCU,11,4,49,39,73,55,82,3,5,8,3,12,23.3,At-Large
2011,201,Villanova,9,64,38,22,35,63,27,6,3,9,3,10,91.4,At-Large
2011,200,Washington,7,32,32,34,32,34,14,4,5,9,3,13,95.2,Auto
2011,199,West Virginia,5,32,21,13,22,33,18,8,2,10,0,9,99.3,At-Large
2011,198,Wisconsin,4,16,16,23,12,18,8,5,8,13,0,15,99.5,At-Large
2011,197,Wofford,14,64,109,92,106,67,86,1,1,2,5,9,0,Auto
2011,196,Xavier,6,64,22,54,25,24,35,4,2,6,2,17,92.8,At-Large
2010,195,Arkansas Pine Bluff,16,64,183,183,168,182,244,0,0,0,8,1,0,Auto
2010,194,Baylor,3,8,9,14,9,13,11,7,5,12,2,17,99.8,At-Large
2010,193,Butler,5,2,12,40,13,6,22,3,3,6,0,24,99.2,Auto
2010,192,BYU,7,32,23,31,16,14,9,4,4,8,0,23,98.6,At-Large
2010,191,California,8,32,20,85,34,36,15,1,5,6,3,13,82.3,At-Large
2010,190,Clemson,7,64,34,23,37,45,25,5,5,10,1,11,94.4,At-Large
2010,189,Cornell,12,16,46,113,32,19,60,0,3,3,1,21,10.3,Auto
2010,188,Duke,1,1,3,7,3,3,2,8,10,18,0,24,99.9,Auto
2010,187,East Tennessee St.,16,64,121,214,166,127,148,0,1,1,9,5,0,Auto
2010,186,Florida,10,64,56,54,52,65,52,3,4,7,2,9,20.1,At-Large
2010,185,Florida St.,9,64,42,46,26,43,29,4,5,9,0,13,83.7,At-Large
2010,184,Georgetown,3,64,7,3,15,26,10,9,6,15,1,13,99.9,At-Large
2010,183,Georgia Tech,10,32,33,19,39,46,32,5,6,11,2,9,94.6,At-Large
2010,182,Gonzaga,8,32,36,52,28,32,42,3,5,8,2,19,81.6,At-Large
2010,181,Houston,13,64,110,99,132,98,84,2,3,5,8,3,0,Auto
2010,180,Kansas,1,32,1,1,1,1,1,12,4,16,0,30,100,Auto
2010,179,Kansas St.,2,8,6,5,6,11,7,8,3,11,1,18,99.9,At-Large
2010,178,Kentucky,1,8,2,15,2,2,8,5,10,15,0,30,100,Auto
2010,177,Lehigh,16,64,152,225,140,134,191,0,0,0,8,12,0,Auto
2010,176,Louisville,9,64,37,37,53,54,34,3,5,8,1,8,76.5,At-Large
2010,175,Marquette,6,64,50,22,35,37,19,4,6,10,1,11,91,At-Large
2010,174,Maryland,4,32,24,25,23,18,13,5,6,11,0,14,98.4,At-Large
2010,173,Michigan St.,5,4,28,36,22,35,20,3,5,8,0,16,96.7,At-Large
2010,172,Minnesota,11,64,62,20,56,56,28,5,1,6,4,8,51.6,At-Large
2010,171,Missouri,10,32,44,47,36,47,24,4,2,6,3,12,82.4,At-Large
2010,170,Montana,14,64,97,161,107,88,91,0,2,2,7,11,0,Auto
2010,169,Morgan St.,15,64,103,176,91,77,151,0,0,0,5,18,0,Auto
2010,168,Murray St.,13,32,57,112,48,30,55,0,2,2,1,24,3.8,Auto
2010,167,New Mexico,3,32,10,6,12,9,39,6,5,11,1,25,99.7,At-Large
2010,166,New Mexico St.,12,64,51,70,73,53,112,3,3,6,4,10,1.9,Auto
2010,165,North Texas,15,64,104,210,89,83,178,0,0,0,6,14,0,Auto
2010,164,Northern Iowa,9,16,17,53,18,10,31,4,6,10,3,24,97.3,Auto
2010,163,Notre Dame,6,64,49,12,45,39,30,5,7,12,3,12,89.2,At-Large
2010,162,Oakland,14,64,52,125,60,50,133,0,2,2,2,16,0,Auto
2010,161,Ohio,14,32,95,103,159,90,100,1,4,5,7,6,0,Auto
2010,160,Ohio St.,2,16,22,18,8,8,6,5,5,10,1,20,99.5,Auto
2010,159,Oklahoma St.,7,64,32,24,33,41,45,4,1,5,1,12,94.7,At-Large
2010,158,Old Dominion,11,32,27,60,44,24,35,1,7,8,1,18,77.9,Auto
2010,157,Pittsburgh,3,32,15,9,21,29,27,7,7,14,1,16,99.5,At-Large
2010,156,Purdue,4,16,16,11,7,12,14,6,4,10,1,22,99.7,At-Large
2010,155,Richmond,7,64,25,21,27,17,51,5,5,10,0,18,96.5,At-Large
2010,154,Robert Morris,15,64,129,170,135,110,194,0,1,1,8,12,0,Auto
2010,153,Saint Mary's,10,16,35,50,31,27,26,3,4,7,1,20,86.9,Auto
2010,152,Sam Houston St.,14,64,70,172,75,60,101,0,0,0,5,14,0,Auto
2010,151,San Diego St.,11,64,18,39,38,22,40,4,2,6,2,15,95,Auto
2010,150,Siena,13,64,31,94,41,28,58,0,6,6,1,21,20.1,Auto
2010,149,Syracuse,1,16,5,4,5,7,3,8,9,17,0,24,99.9,At-Large
2010,148,Temple,5,64,8,10,11,5,17,7,4,11,0,24,99.8,Auto
2010,147,Tennessee,6,8,14,35,17,21,38,2,9,11,2,17,98.5,At-Large
2010,146,Texas,8,64,29,26,20,38,18,5,3,8,1,15,98,At-Large
2010,145,Texas A&M,5,32,13,32,14,20,21,5,4,9,0,13,99.1,At-Large
2010,144,UC Santa Barbara,15,64,94,185,98,86,149,0,1,1,6,10,0,Auto
2010,143,UNLV,8,64,48,17,43,40,41,5,3,8,3,16,85.1,At-Large
2010,142,Utah St.,12,64,30,48,54,25,16,2,8,10,2,19,78.8,At-Large
2010,141,UTEP,12,64,38,63,29,16,36,2,6,8,2,20,70.6,At-Large
2010,140,Vanderbilt,4,64,26,28,24,34,37,4,6,10,2,15,96.7,At-Large
2010,139,Vermont,16,64,118,193,111,81,138,0,1,1,8,16,0,Auto
2010,138,Villanova,2,32,11,8,10,23,12,7,6,13,0,17,99.8,At-Large
2010,137,Wake Forest,9,32,39,16,42,59,54,6,3,9,0,9,83.8,At-Large
2010,136,Washington,11,16,41,33,40,31,33,3,5,8,4,15,87.3,Auto
2010,135,West Virginia,2,4,4,2,4,4,4,9,9,18,0,21,99.9,Auto
2010,134,Winthrop,16,68,160,192,178,163,214,0,0,0,8,4,0,Auto
2010,133,Wisconsin,4,32,21,13,19,33,5,6,3,9,1,15,99.5,At-Large
2010,132,Wofford,13,64,69,117,65,42,83,0,2,2,3,17,0.2,Auto
2010,131,Xavier,6,16,19,38,25,15,23,3,7,10,0,16,96.9,At-Large
2009,130,Akron,13,64,99,104,115,89,94,1,4,5,6,10,0,Auto
2009,129,Alabama St.,16,68,179,159,112,130,186,0,0,0,4,11,0,Auto
2009,128,American,14,64,73,137,80,59,114,0,0,0,3,17,0,Auto
2009,127,Arizona,12,16,62,24,41,69,37,6,2,8,1,6,54.5,At-Large
2009,126,Arizona St.,6,32,31,21,16,23,11,7,5,12,1,15,98.4,At-Large
2009,125,Binghamton,15,64,88,177,99,84,177,0,2,2,8,14,0,Auto
2009,124,Boston College,7,64,60,35,44,54,64,4,3,7,3,11,65.9,At-Large
2009,123,Butler,9,64,24,47,31,22,35,2,10,12,2,20,91.1,At-Large
2009,122,BYU,8,64,29,37,34,21,19,4,4,8,0,17,94.9,At-Large
2009,121,Cal St. Northridge,15,64,127,183,133,112,108,0,0,0,10,3,0,Auto
2009,120,California,7,64,39,19,24,48,27,5,6,11,3,12,96.2,At-Large
2009,119,Chattanooga,16,64,174,160,191,184,209,1,0,1,9,0,0,Auto
2009,118,Clemson,7,64,28,43,26,39,22,3,5,8,2,15,95.6,At-Large
2009,117,Cleveland St.,13,32,52,58,66,38,72,2,3,5,3,12,8.8,Auto
2009,116,Connecticut,1,4,8,7,1,6,4,8,7,15,0,23,99.9,At-Large
2009,115,Cornell,14,64,115,194,106,107,104,0,0,0,5,10,0,Auto
2009,114,Dayton,11,32,27,48,39,41,83,3,7,10,3,19,76.5,At-Large
2009,113,Duke,2,16,1,4,4,5,7,7,11,18,0,22,99.9,Auto
2009,112,East Tennessee St.,16,64,116,208,122,100,109,0,0,0,8,12,0,Auto
2009,111,Florida St.,5,64,15,32,14,17,38,5,6,11,0,16,98.6,At-Large
2009,110,Gonzaga,4,16,26,20,18,9,5,6,2,8,1,20,98.9,Auto
2009,109,Illinois,5,64,22,8,21,29,23,9,3,12,0,15,99.1,At-Large
2009,108,Kansas,3,16,11,5,12,12,13,9,5,14,2,18,99.8,At-Large
2009,107,Louisville,1,8,4,2,3,2,6,9,7,16,0,23,99.9,Auto
2009,106,LSU,8,32,37,51,32,28,45,1,10,11,1,19,73.4,At-Large
2009,105,Marquette,6,32,35,40,22,34,20,3,6,9,1,15,94.2,At-Large
2009,104,Maryland,10,32,55,29,49,61,55,4,4,8,2,7,54.2,At-Large
2009,103,Memphis,2,16,7,26,8,1,2,4,11,15,0,28,99.9,Auto
2009,102,Michigan,10,32,44,18,40,55,49,6,4,10,1,6,84.7,At-Large
2009,101,Michigan St.,2,2,6,1,7,7,14,13,3,16,0,20,99.9,At-Large
2009,100,Minnesota,10,64,42,27,36,53,39,5,4,9,0,11,86.7,At-Large
2009,99,Mississippi St.,13,64,63,49,71,46,70,3,7,10,4,10,6.1,Auto
2009,98,Missouri,3,8,10,9,9,8,10,7,5,12,0,22,99.8,Auto
2009,97,Morehead St.,16,64,141,251,188,143,164,0,0,0,12,2,0,Auto
2009,96,Morgan St.,15,64,130,180,119,101,147,0,1,1,6,11,0,Auto
2009,95,North Carolina,1,1,3,12,5,3,3,5,9,14,0,23,99.9,At-Large
2009,94,North Dakota St.,14,64,87,138,59,37,61,0,0,0,3,18,0,Auto
2009,93,Northern Iowa,12,64,59,53,72,45,82,4,6,10,6,12,3.8,Auto
2009,92,Ohio St.,8,64,32,14,23,30,34,7,4,11,0,12,97.4,At-Large
2009,91,Oklahoma,2,8,5,6,6,10,12,10,7,17,1,22,99.9,At-Large
2009,90,Oklahoma St.,8,32,19,33,28,31,29,4,5,9,0,11,97.6,At-Large
2009,89,Pittsburgh,1,8,2,3,2,4,1,8,8,16,0,23,100,At-Large
2009,88,Portland St.,13,64,113,148,95,96,112,1,0,1,7,11,0,Auto
2009,87,Purdue,5,16,20,13,20,16,15,8,5,13,0,16,99.2,Auto
2009,86,Radford,16,64,132,166,130,108,170,0,0,0,7,7,0,Auto
2009,85,Robert Morris,15,64,109,195,111,95,145,0,0,0,6,14,0,Auto
2009,84,Siena,9,32,18,67,48,25,73,2,6,8,2,19,58.1,Auto
2009,83,Stephen F. Austin,14,64,74,156,82,62,96,0,1,1,6,13,0,Auto
2009,82,Syracuse,3,16,12,10,11,13,18,6,4,10,0,16,99.7,At-Large
2009,81,Temple,11,64,30,45,55,35,51,2,7,9,3,11,61.8,Auto
2009,80,Tennessee,9,64,25,46,38,49,32,2,9,11,1,9,89.9,At-Large
2009,79,Texas,7,32,41,17,29,42,26,6,4,10,1,11,95.4,At-Large
2009,78,Texas A&M,9,32,36,38,35,43,50,4,4,8,1,13,84.5,At-Large
2009,77,UCLA,6,32,33,31,17,20,8,5,6,11,0,17,97.4,At-Large
2009,76,USC,10,32,38,44,33,33,30,5,4,9,3,9,85.4,Auto
2009,75,Utah,5,64,9,41,27,18,25,5,7,12,1,16,98.2,Auto
2009,74,Utah St.,11,64,23,78,30,19,43,1,3,4,1,25,78.5,Auto
2009,73,VCU,11,64,50,125,79,50,57,0,4,4,4,15,0.8,Auto
2009,72,Villanova,3,4,13,11,10,11,17,7,6,13,0,19,99.7,At-Large
2009,71,Wake Forest,4,64,16,15,13,15,21,6,6,12,2,18,99.6,At-Large
2009,70,Washington,4,32,14,28,15,14,16,6,4,10,1,16,99.2,At-Large
2009,69,West Virginia,6,64,21,34,19,24,9,3,8,11,0,12,98.8,At-Large
2009,68,Western Kentucky,12,32,43,98,77,52,92,1,2,3,4,15,0,Auto
2009,67,Wisconsin,12,32,45,42,47,58,28,4,5,9,1,7,67.2,At-Large
2009,66,Xavier,4,16,17,25,25,27,24,5,6,11,2,18,98.8,At-Large
2008,65,American,15,64,91,183,135,98,149,0,1,1,8,10,0,Auto
2008,64,Arizona,10,64,37,16,36,59,19,5,5,10,2,4,91.8,At-Large
2008,63,Arkansas,9,32,31,15,43,42,42,6,3,9,4,11,95,At-Large
2008,62,Austin Peay,15,64,84,165,127,100,163,0,2,2,5,14,0,Auto
2008,61,Baylor,11,64,43,56,35,55,38,3,4,7,1,10,63.1,At-Large
2008,60,Belmont,15,64,79,177,92,73,140,0,0,0,4,16,0,Auto
2008,59,Boise St.,14,64,87,79,77,60,126,1,4,5,4,16,0.1,Auto
2008,58,Butler,7,32,17,64,17,9,26,1,9,10,0,26,96.9,Auto
2008,57,BYU,8,64,25,42,29,19,34,2,6,8,0,20,93.5,At-Large
2008,56,Cal St. Fullerton,14,64,80,129,88,51,87,0,1,1,3,15,0,Auto
2008,55,Clemson,5,64,19,33,19,20,12,4,5,9,0,14,98.7,At-Large
2008,54,Connecticut,4,64,18,13,21,22,28,6,2,8,2,16,99.2,At-Large
2008,53,Coppin St.,16,68,228,287,266,224,297,0,0,0,13,-6,0,Auto
2008,52,Cornell,14,64,65,137,62,56,115,0,1,1,2,16,0,Auto
2008,51,Davidson,10,8,35,138,34,14,18,0,0,0,2,19,10.2,Auto
2008,50,Drake,5,64,10,20,12,10,14,7,1,8,2,22,99.7,Auto
2008,49,Duke,2,32,7,5,6,11,5,7,7,14,0,22,99.9,At-Large
2008,48,George Mason,12,64,61,101,93,75,77,2,2,4,7,13,0.2,Auto
2008,47,Georgetown,2,32,8,14,9,7,7,6,4,10,0,22,99.8,At-Large
2008,46,Georgia,14,64,98,54,99,95,94,4,3,7,4,0,0,Auto
2008,45,Gonzaga,7,64,30,34,32,28,25,4,5,9,0,18,93.8,At-Large
2008,44,Indiana,8,64,22,31,15,31,24,5,3,8,2,18,98.1,At-Large
2008,43,Kansas,1,1,5,11,3,4,1,8,7,15,0,27,99.9,Auto
2008,42,Kansas St.,11,32,50,50,38,52,29,3,3,6,1,8,68.7,At-Large
2008,41,Kent St.,9,64,21,62,30,17,47,2,9,11,3,22,85,Auto
2008,40,Kentucky,11,64,57,30,60,58,83,4,3,7,1,6,32.3,At-Large
2008,39,Louisville,3,8,13,6,16,15,11,7,4,11,2,16,99.7,At-Large
2008,38,Marquette,6,32,20,28,22,27,16,4,3,7,0,14,98.8,At-Large
2008,37,Memphis,1,2,3,12,5,3,3,6,9,15,0,32,100,Auto
2008,36,Miami FL,7,32,34,37,33,44,44,3,5,8,3,11,89.4,At-Large
2008,35,Michigan St.,5,16,16,17,13,24,17,6,0,6,2,17,99.5,At-Large
2008,34,Mississippi St.,8,32,40,71,42,34,35,2,3,5,0,12,53.2,At-Large
2008,33,Mississippi Valley St.,16,64,223,259,199,221,304,0,0,0,9,0,0,Auto
2008,32,Mount St. Mary's,16,64,159,192,186,133,170,0,0,0,11,4,0,Auto
2008,31,North Carolina,1,4,2,2,1,1,4,9,11,20,0,30,100,Auto
2008,30,Notre Dame,5,32,26,18,20,18,27,5,2,7,0,17,98.5,At-Large
2008,29,Oklahoma,6,32,27,25,27,36,40,6,5,11,1,11,95.5,At-Large
2008,28,Oral Roberts,13,64,53,112,58,50,73,0,4,4,2,15,1.1,Auto
2008,27,Oregon,9,64,58,39,39,63,32,4,4,8,2,5,53.3,At-Large
2008,26,Pittsburgh,4,32,15,10,11,16,23,6,3,9,2,16,99.7,Auto
2008,25,Portland St.,16,64,90,168,91,70,108,0,2,2,6,12,0,Auto
2008,24,Purdue,6,32,45,19,23,26,30,5,0,5,4,16,94.8,At-Large
2008,23,Saint Joseph's,11,64,44,23,61,48,43,5,3,8,4,9,63.6,At-Large
2008,22,Saint Mary's,10,64,36,53,37,37,36,2,5,7,0,18,74.6,At-Large
2008,21,San Diego,13,32,94,72,102,72,122,3,1,4,2,7,0,Auto
2008,20,Siena,13,32,66,104,97,64,99,1,1,2,6,12,0.1,Auto
2008,19,South Alabama,10,64,38,70,50,41,56,3,1,4,3,18,39.1,At-Large
2008,18,Stanford,3,16,14,8,10,12,9,7,6,13,0,19,99.7,At-Large
2008,17,Temple,12,64,47,43,70,35,60,4,4,8,4,9,21,Auto
2008,16,Tennessee,2,16,1,4,4,6,15,11,5,16,0,24,99.9,At-Large
2008,15,Texas,2,8,6,3,7,8,8,11,6,17,1,21,99.9,At-Large
2008,14,Texas A&M,9,32,41,29,26,38,22,5,3,8,0,13,93.4,At-Large
2008,13,UCLA,1,4,4,1,2,2,2,11,9,20,1,27,100,Auto
2008,12,UMBC,15,64,88,169,84,77,127,0,1,1,6,15,0,Auto
2008,11,UNLV,8,32,24,40,31,21,50,2,7,9,1,18,90.5,Auto
2008,10,USC,6,64,28,21,25,32,21,4,8,12,1,10,98.2,At-Large
2008,9,UT Arlington,16,64,147,178,156,149,179,0,2,2,7,6,0,Auto
2008,8,Vanderbilt,4,64,12,22,24,30,51,4,9,13,1,19,98.2,At-Large
2008,7,Villanova,12,16,51,36,45,47,55,4,3,7,4,8,60.8,At-Large
2008,6,Washington St.,4,16,23,35,14,23,10,4,8,12,0,16,98.6,At-Large
2008,5,West Virginia,7,16,29,32,28,29,20,3,2,5,1,13,96.8,At-Large
2008,4,Western Kentucky,12,16,39,124,46,25,45,0,1,1,1,19,5.3,Auto
2008,3,Winthrop,13,64,108,121,108,93,96,1,2,3,7,9,0,Auto
2008,2,Wisconsin,3,16,11,9,8,5,6,6,2,8,0,25,99.9,Auto
2008,1,Xavier,3,8,9,7,18,13,13,9,3,12,0,21,99.7,At-Large